date,index
2009/04/13,2656.518
2009/04/14,2676.872
2009/04/15,2686.99
2009/04/16,2687.106
2009/04/17,2650.691
2009/04/20,2707.667
2009/04/21,2675.442
2009/04/22,2576.281
2009/04/23,2593.564
2009/04/24,2572.888
2009/04/27,2513.292
2009/04/28,2518.531
2009/04/29,2605.37
2009/04/30,2622.926
2009/05/04,2714.301
2009/05/05,2727.014
2009/05/06,2764.979
2009/05/07,2767.076
2009/05/08,2789.219
2009/05/11,2725.316
2009/05/12,2788.562
2009/05/13,2814.005
2009/05/14,2792.597
2009/05/15,2796.116
2009/05/18,2810.573
2009/05/19,2840.084
2009/05/20,2812.865
2009/05/21,2750.01
2009/05/22,2740.677
2009/05/25,2752.716
2009/05/26,2719.764
2009/05/27,2759.712
2009/06/01,2858.342
2009/06/02,2865.099
2009/06/03,2939.387
2009/06/04,2953.751
2009/06/05,2939.306
2009/06/08,2948.478
2009/06/09,2960.556
2009/06/10,2989.595
2009/06/11,2961.629
2009/06/12,2906.286
2009/06/15,2966.192
2009/06/16,2961.22
2009/06/17,3010.588
2009/06/18,3057.428
2009/06/19,3080.001
2009/06/22,3082.563
2009/06/23,3083.895
2009/06/24,3120.73
2009/06/25,3117.921
2009/06/26,3128.421
2009/06/29,3179.972
2009/06/30,3166.474
2009/07/01,3237.903
2009/07/02,3282.359
2009/07/03,3327.135
2009/07/06,3374.753
2009/07/07,3340.493
2009/07/08,3352.269
2009/07/09,3396.304
2009/07/10,3398.31
2009/07/13,3361.011
2009/07/14,3454.753
2009/07/15,3493.305
2009/07/16,3501.24
2009/07/17,3519.809
2009/07/20,3591.123
2009/07/21,3539.832
2009/07/22,3606.924
2009/07/23,3651.969
2009/07/24,3667.556
2009/07/27,3743.626
2009/07/28,3755.818
2009/07/29,3558.508
2009/07/30,3634.818
2009/07/31,3734.622
2009/08/03,3787.033
2009/08/04,3786.615
2009/08/05,3740.936
2009/08/06,3663.12
2009/08/07,3555.095
2009/08/10,3544.539
2009/08/11,3556.375
2009/08/12,3397.4
2009/08/13,3440.82
2009/08/14,3344.462
2009/08/17,3140.271
2009/08/18,3171.986
2009/08/19,3014.568
2009/08/20,3144.39
2009/08/21,3203.624
2009/08/24,3229.6
2009/08/25,3109.83
2009/08/26,3172.386
2009/08/27,3156.301
2009/08/28,3046.781
2009/08/31,2830.271
2009/09/01,2843.7
2009/09/02,2890.926
2009/09/03,3051.964
2009/09/04,3077.142
2009/09/07,3104.208
2009/09/08,3170.967
2009/09/09,3194.909
2009/09/10,3162.914
2009/09/11,3238.133
2009/09/14,3293.394
2009/09/15,3302.642
2009/09/16,3258.236
2009/09/17,3320.096
2009/09/18,3199.689
2009/09/21,3208.604
2009/09/22,3131.026
2009/09/23,3060.069
2009/09/24,3080.926
2009/09/25,3058.528
2009/09/28,2972.643
2009/09/29,2972.286
2009/09/30,3004.805
2009/10/09,3163.708
2009/10/12,3151.632
2009/10/13,3198.517
2009/10/14,3227.399
2009/10/15,3239.643
2009/10/16,3241.709
2009/10/19,3329.158
2009/10/20,3377.574
2009/10/21,3369.285
2009/10/22,3347.32
2009/10/23,3413.252
2009/10/26,3414.239
2009/10/27,3314.722
2009/10/28,3329.327
2009/10/29,3247.051
2009/10/30,3280.372
2009/11/02,3392.803
2009/11/03,3435.425
2009/11/04,3453.888
2009/11/05,3464.318
2009/11/06,3483.021
2009/11/09,3495.788
2009/11/10,3503.776
2009/11/11,3495.674
2009/11/12,3499.992
2009/11/13,3518.722
2009/11/16,3625.798
2009/11/17,3628.354
2009/11/18,3630.229
2009/11/19,3642.437
2009/11/20,3631.013
2009/11/23,3665.509
2009/11/24,3548.08
2009/11/25,3629.629
2009/11/26,3485.773
2009/11/27,3382.51
2009/11/30,3511.669
2009/12/01,3560.831
2009/12/02,3597.329
2009/12/03,3590.876
2009/12/04,3643.491
2009/12/07,3668.832
2009/12/08,3624.019
2009/12/09,3554.478
2009/12/10,3577.237
2009/12/11,3575.02
2009/12/14,3612.753
2009/12/15,3583.341
2009/12/16,3560.723
2009/12/17,3480.153
2009/12/18,3391.735
2009/12/21,3396.622
2009/12/22,3305.543
2009/12/23,3336.48
2009/12/24,3438.817
2009/12/25,3424.783
2009/12/28,3478.433
2009/12/29,3500.737
2009/12/30,3558.857
2009/12/31,3575.684
2010/01/04,3535.229
2010/01/05,3564.038
2010/01/06,3541.727
2010/01/07,3471.456
2010/01/08,3480.13
2010/01/11,3482.052
2010/01/12,3534.916
2010/01/13,3421.144
2010/01/14,3469.051
2010/01/15,3482.738
2010/01/18,3500.684
2010/01/19,3507.482
2010/01/20,3394.434
2010/01/21,3408.574
2010/01/22,3366.197
2010/01/25,3328.014
2010/01/26,3242.797
2010/01/27,3198.566
2010/01/28,3206.57
2010/01/29,3204.155
2010/02/01,3152.707
2010/02/02,3146.189
2010/02/03,3230.715
2010/02/04,3218.802
2010/02/05,3153.087
2010/02/08,3150.988
2010/02/09,3169.19
2010/02/10,3214.13
2010/02/11,3220.398
2010/02/12,3251.278
2010/02/22,3233.345
2010/02/23,3198.634
2010/02/24,3244.483
2010/02/25,3292.128
2010/02/26,3281.666
2010/03/01,3324.423
2010/03/02,3311.236
2010/03/03,3335.081
2010/03/04,3250.573
2010/03/05,3259.764
2010/03/08,3286.178
2010/03/09,3305.863
2010/03/10,3279.694
2010/03/11,3276.705
2010/03/12,3233.126
2010/03/15,3183.183
2010/03/16,3203.971
2010/03/17,3273.916
2010/03/18,3267.555
2010/03/19,3293.871
2010/03/22,3302.628
2010/03/23,3275.573
2010/03/24,3276.669
2010/03/25,3229.128
2010/03/26,3275.002
2010/03/29,3358.54
2010/03/30,3366.708
2010/03/31,3345.607
2010/04/01,3391.935
2010/04/02,3407.346
2010/04/06,3405.145
2010/04/07,3386.949
2010/04/08,3346.744
2010/04/09,3379.17
2010/04/12,3351.478
2010/04/13,3391.716
2010/04/14,3403.707
2010/04/15,3394.574
2010/04/16,3356.332
2010/04/19,3176.423
2010/04/20,3173.374
2010/04/21,3236.679
2010/04/22,3201.541
2010/04/23,3190.003
2010/04/26,3171.997
2010/04/27,3108.409
2010/04/28,3097.353
2010/04/29,3060.064
2010/04/30,3067.365
2010/05/04,3019.449
2010/05/05,3036.394
2010/05/06,2896.856
2010/05/07,2836.789
2010/05/10,2858.233
2010/05/11,2800.817
2010/05/12,2818.16
2010/05/13,2886.911
2010/05/14,2868.023
2010/05/17,2714.715
2010/05/18,2771.348
2010/05/19,2762.174
2010/05/20,2726.022
2010/05/21,2768.791
2010/05/24,2873.469
2010/05/25,2813.943
2010/05/26,2813.944
2010/05/27,2859.979
2010/05/28,2850.302
2010/05/31,2773.264
2010/06/01,2744.162
2010/06/02,2757.527
2010/06/03,2736.076
2010/06/04,2744.391
2010/06/07,2695.715
2010/06/08,2699.336
2010/06/09,2782.133
2010/06/10,2750.023
2010/06/11,2758.866
2010/06/17,2742.733
2010/06/18,2696.166
2010/06/21,2780.663
2010/06/22,2783.72
2010/06/23,2758.495
2010/06/24,2757.498
2010/06/25,2736.287
2010/06/28,2716.777
2010/06/29,2592.019
2010/06/30,2563.07
2010/07/01,2526.071
2010/07/02,2534.105
2010/07/05,2512.651
2010/07/06,2562.902
2010/07/07,2580.477
2010/07/08,2575.921
2010/07/09,2647.104
2010/07/12,2676.218
2010/07/13,2634.593
2010/07/14,2653.609
2010/07/15,2608.519
2010/07/16,2616.128
2010/07/19,2682.472
2010/07/20,2741.503
2010/07/21,2747.335
2010/07/22,2781.286
2010/07/23,2793.076
2010/07/26,2811.055
2010/07/27,2795.724
2010/07/28,2863.724
2010/07/29,2877.976
2010/07/30,2868.846
2010/08/02,2917.275
2010/08/03,2865.971
2010/08/04,2876.434
2010/08/05,2850.829
2010/08/06,2897.659
2010/08/09,2918.241
2010/08/10,2832.638
2010/08/11,2850.211
2010/08/12,2816.386
2010/08/13,2855.547
2010/08/16,2922.083
2010/08/17,2942.291
2010/08/18,2937.362
2010/08/19,2955.395
2010/08/20,2898.333
2010/08/23,2896.192
2010/08/24,2911.827
2010/08/25,2843.023
2010/08/26,2850.093
2010/08/27,2858.566
2010/08/30,2915.01
2010/08/31,2903.188
2010/09/01,2884.042
2010/09/02,2921.393
2010/09/03,2920.205
2010/09/06,2975.09
2010/09/07,2983.108
2010/09/08,2980.967
2010/09/09,2926.46
2010/09/10,2932.554
2010/09/13,2962.319
2010/09/14,2965.009
2010/09/15,2913.194
2010/09/16,2857.789
2010/09/17,2861.369
2010/09/20,2849.828
2010/09/21,2857.476
2010/09/27,2905.029
2010/09/28,2880.907
2010/09/29,2874.812
2010/09/30,2935.574
2010/10/08,3044.233
2010/10/11,3132.895
2010/10/12,3172.726
2010/10/13,3217.577
2010/10/14,3224.14
2010/10/15,3327.683
2010/10/18,3306.16
2010/10/19,3375.674
2010/10/20,3396.879
2010/10/21,3374.685
2010/10/22,3378.655
2010/10/25,3481.081
2010/10/26,3466.084
2010/10/27,3403.872
2010/10/28,3397.692
2010/10/29,3379.983
2010/11/01,3472.995
2010/11/02,3463.131
2010/11/03,3420.341
2010/11/04,3480.505
2010/11/05,3520.798
2010/11/08,3548.566
2010/11/09,3523.954
2010/11/10,3499.111
2010/11/11,3509.975
2010/11/12,3291.833
2010/11/15,3314.893
2010/11/16,3169.538
2010/11/17,3103.906
2010/11/18,3147.962
2010/11/19,3178.846
2010/11/22,3171.941
2010/11/23,3107.176
2010/11/24,3177.043
2010/11/25,3223.484
2010/11/26,3194.853
2010/11/29,3190.05
2010/11/30,3136.985
2010/12/01,3136.024
2010/12/02,3155.059
2010/12/03,3158.156
2010/12/06,3165.57
2010/12/07,3200.339
2010/12/08,3171.882
2010/12/09,3123.366
2010/12/10,3161.977
2010/12/13,3261.061
2010/12/14,3269.474
2010/12/15,3247.644
2010/12/16,3230.665
2010/12/17,3225.661
2010/12/20,3178.657
2010/12/21,3249.509
2010/12/22,3215.453
2010/12/23,3188.607
2010/12/24,3162.955
2010/12/27,3099.709
2010/12/28,3044.931
2010/12/29,3061.83
2010/12/30,3064.098
2010/12/31,3128.261
2011/01/04,3189.682
2011/01/05,3175.662
2011/01/06,3159.643
2011/01/07,3166.624
2011/01/10,3108.187
2011/01/11,3124.922
2011/01/12,3142.337
2011/01/13,3141.284
2011/01/14,3091.862
2011/01/17,2974.35
2011/01/18,2977.648
2011/01/19,3044.851
2011/01/20,2944.713
2011/01/21,2983.456
2011/01/24,2954.232
2011/01/25,2938.654
2011/01/26,2978.431
2011/01/27,3026.466
2011/01/28,3036.735
2011/01/31,3076.508
2011/02/01,3077.283
2011/02/09,3040.949
2011/02/10,3104.163
2011/02/11,3120.956
2011/02/14,3219.143
2011/02/15,3217.671
2011/02/16,3248.527
2011/02/17,3245.907
2011/02/18,3211.876
2011/02/21,3257.908
2011/02/22,3163.578
2011/02/23,3174.742
2011/02/24,3190.935
2011/02/25,3197.617
2011/02/28,3239.559
2011/03/01,3254.893
2011/03/02,3243.298
2011/03/03,3221.718
2011/03/04,3270.666
2011/03/07,3334.51
2011/03/08,3337.457
2011/03/09,3338.858
2011/03/10,3280.259
2011/03/11,3247.376
2011/03/14,3262.92
2011/03/15,3203.961
2011/03/16,3248.195
2011/03/17,3197.1
2011/03/18,3215.685
2011/03/21,3207.11
2011/03/22,3222.961
2011/03/23,3264.926
2011/03/24,3251.361
2011/03/25,3294.484
2011/03/28,3290.571
2011/03/29,3257.979
2011/03/30,3256.08
2011/03/31,3223.288
2011/04/01,3272.729
2011/04/06,3311.067
2011/04/07,3324.419
2011/04/08,3353.358
2011/04/11,3333.427
2011/04/12,3326.771
2011/04/13,3372.031
2011/04/14,3353.56
2011/04/15,3358.944
2011/04/18,3359.438
2011/04/19,3295.812
2011/04/20,3295.758
2011/04/21,3317.367
2011/04/22,3299.942
2011/04/25,3249.574
2011/04/26,3230.96
2011/04/27,3209.503
2011/04/28,3161.776
2011/04/29,3192.723
2011/05/03,3211.132
2011/05/04,3129.028
2011/05/05,3126.117
2011/05/06,3121.396
2011/05/09,3129.759
2011/05/10,3153.221
2011/05/11,3145.085
2011/05/12,3101.603
2011/05/13,3128.093
2011/05/16,3100.463
2011/05/17,3116.028
2011/05/18,3139.379
2011/05/19,3120.639
2011/05/20,3121.596
2011/05/23,3022.98
2011/05/24,3026.223
2011/05/25,2990.343
2011/05/26,2978.381
2011/05/27,2963.308
2011/05/30,2954.506
2011/05/31,3001.556
2011/06/01,3004.173
2011/06/02,2955.705
2011/06/03,2986.349
2011/06/07,3004.262
2011/06/08,3008.652
2011/06/09,2951.889
2011/06/10,2961.932
2011/06/13,2950.348
2011/06/14,2993.559
2011/06/15,2963.119
2011/06/16,2917.578
2011/06/17,2892.157
2011/06/20,2874.896
2011/06/21,2909.073
2011/06/22,2908.582
2011/06/23,2957.629
2011/06/24,3027.47
2011/06/27,3036.491
2011/06/28,3041.734
2011/06/29,3000.169
2011/06/30,3044.089
2011/07/01,3049.745
2011/07/04,3121.98
2011/07/05,3122.5
2011/07/06,3113.712
2011/07/07,3101.68
2011/07/08,3109.183
2011/07/11,3113.206
2011/07/12,3056.905
2011/07/13,3106.247
2011/07/14,3115.745
2011/07/15,3128.889
2011/07/18,3122.6
2011/07/19,3095.125
2011/07/20,3091.567
2011/07/21,3059.139
2011/07/22,3067.985
2011/07/25,2968.289
2011/07/26,2977.766
2011/07/27,3000.052
2011/07/28,2981.002
2011/07/29,2972.079
2011/08/01,2977.721
2011/08/02,2956.383
2011/08/03,2954.87
2011/08/04,2960.309
2011/08/05,2897.417
2011/08/08,2793.897
2011/08/09,2798.19
2011/08/10,2824.12
2011/08/11,2866.924
2011/08/12,2875.365
2011/08/15,2917.883
2011/08/16,2897.581
2011/08/17,2886.013
2011/08/18,2834.254
2011/08/19,2807.664
2011/08/22,2777.787
2011/08/23,2821.003
2011/08/24,2810.016
2011/08/25,2903.837
2011/08/26,2901.216
2011/08/29,2852.809
2011/08/30,2841.74
2011/08/31,2846.776
2011/09/01,2834.535
2011/09/02,2803.854
2011/09/05,2743.817
2011/09/06,2723.303
2011/09/07,2779.09
2011/09/08,2756.105
2011/09/09,2751.095
2011/09/13,2720.283
2011/09/14,2733.108
2011/09/15,2729.051
2011/09/16,2733.987
2011/09/19,2679.27
2011/09/20,2689.845
2011/09/21,2771.011
2011/09/22,2685.688
2011/09/23,2669.478
2011/09/26,2610.919
2011/09/27,2637.879
2011/09/28,2610.59
2011/09/29,2588.185
2011/09/30,2581.351
2011/10/10,2557.082
2011/10/11,2551.994
2011/10/12,2644.758
2011/10/13,2662.601
2011/10/14,2653.782
2011/10/17,2666.951
2011/10/18,2592.209
2011/10/19,2583.081
2011/10/20,2520.532
2011/10/21,2507.877
2011/10/24,2576.669
2011/10/25,2625.425
2011/10/26,2651.652
2011/10/27,2657.478
2011/10/28,2709.017
2011/10/31,2695.307
2011/11/01,2697.534
2011/11/02,2742.39
2011/11/03,2744.301
2011/11/04,2763.746
2011/11/07,2736.248
2011/11/08,2727.71
2011/11/09,2751.654
2011/11/10,2699.588
2011/11/11,2695.002
2011/11/14,2750.195
2011/11/15,2744.68
2011/11/16,2670.116
2011/11/17,2662.017
2011/11/18,2606.495
2011/11/21,2609.687
2011/11/22,2609.475
2011/11/23,2584.011
2011/11/24,2588.915
2011/11/25,2569.973
2011/11/28,2573.321
2011/11/29,2608.569
2011/11/30,2521.52
2011/12/01,2583.613
2011/12/02,2557.311
2011/12/05,2521.385
2011/12/06,2516.341
2011/12/07,2528.228
2011/12/08,2525.001
2011/12/09,2503.461
2011/12/12,2477.692
2011/12/13,2421.928
2011/12/14,2397.48
2011/12/15,2340.788
2011/12/16,2390.129
2011/12/19,2384.408
2011/12/20,2377.073
2011/12/21,2339.108
2011/12/22,2341.335
2011/12/23,2359.159
2011/12/26,2335.702
2011/12/27,2305.035
2011/12/28,2307.928
2011/12/29,2311.361
2011/12/30,2345.742
2012/01/04,2298.753
2012/01/05,2276.385
2012/01/06,2290.601
2012/01/09,2368.57
2012/01/10,2447.349
2012/01/11,2435.608
2012/01/12,2435.219
2012/01/13,2394.334
2012/01/16,2345.649
2012/01/17,2460.601
2012/01/18,2422.189
2012/01/19,2468.35
2012/01/20,2504.086
2012/01/30,2460.72
2012/01/31,2464.26
2012/02/01,2428.994
2012/02/02,2486.238
2012/02/03,2506.09
2012/02/06,2504.322
2012/02/07,2457.954
2012/02/08,2528.236
2012/02/09,2529.231
2012/02/10,2533.624
2012/02/13,2531.981
2012/02/14,2522.107
2012/02/15,2549.607
2012/02/16,2536.074
2012/02/17,2537.086
2012/02/20,2540.706
2012/02/21,2562.453
2012/02/22,2597.476
2012/02/23,2606.256
2012/02/24,2648.017
2012/02/27,2656.573
2012/02/28,2662.463
2012/02/29,2634.143
2012/03/01,2633.345
2012/03/02,2679.934
2012/03/05,2662.698
2012/03/06,2621.052
2012/03/07,2603.005
2012/03/08,2635.791
2012/03/09,2664.302
2012/03/12,2654.402
2012/03/13,2681.073
2012/03/14,2605.106
2012/03/15,2585.546
2012/03/16,2623.52
2012/03/19,2630.013
2012/03/20,2584.445
2012/03/21,2587.793
2012/03/22,2583.747
2012/03/23,2552.94
2012/03/26,2555.442
2012/03/27,2547.143
2012/03/28,2474.9
2012/03/29,2443.122
2012/03/30,2454.899
2012/04/05,2512.832
2012/04/06,2519.83
2012/04/09,2495.146
2012/04/10,2519.788
2012/04/11,2520.036
2012/04/12,2570.436
2012/04/13,2580.454
2012/04/16,2574.044
2012/04/17,2541.883
2012/04/18,2599.908
2012/04/19,2596.056
2012/04/20,2626.839
2012/04/23,2606.038
2012/04/24,2604.866
2012/04/25,2625.99
2012/04/26,2631.487
2012/04/27,2626.157
2012/05/02,2683.487
2012/05/03,2691.518
2012/05/04,2715.879
2012/05/07,2717.778
2012/05/08,2709.116
2012/05/09,2657.514
2012/05/10,2657.214
2012/05/11,2636.917
2012/05/14,2615.534
2012/05/15,2617.374
2012/05/16,2574.647
2012/05/17,2613.942
2012/05/18,2573.976
2012/05/21,2587.231
2012/05/22,2627.525
2012/05/23,2616.869
2012/05/24,2595.26
2012/05/25,2573.103
2012/05/28,2614.689
2012/05/29,2650.854
2012/05/30,2642.258
2012/05/31,2632.042
2012/06/01,2632.998
2012/06/04,2559.026
2012/06/05,2558.842
2012/06/06,2557.401
2012/06/07,2542.184
2012/06/08,2524.329
2012/06/11,2558.265
2012/06/12,2540.178
2012/06/13,2580.636
2012/06/14,2560.421
2012/06/15,2568.054
2012/06/18,2581.212
2012/06/19,2558.621
2012/06/20,2552.611
2012/06/21,2512.185
2012/06/25,2456.518
2012/06/26,2454.915
2012/06/27,2447.195
2012/06/28,2425.729
2012/06/29,2461.612
2012/07/02,2465.238
2012/07/03,2468.721
2012/07/04,2464.919
2012/07/05,2430.37
2012/07/06,2472.614
2012/07/09,2416.036
2012/07/10,2406.706
2012/07/11,2425.572
2012/07/12,2449.181
2012/07/13,2450.633
2012/07/16,2399.731
2012/07/17,2414.201
2012/07/18,2414.335
2012/07/19,2424.322
2012/07/20,2398.455
2012/07/23,2365.431
2012/07/24,2375.992
2012/07/25,2360.083
2012/07/26,2347.488
2012/07/27,2349.108
2012/07/30,2335.793
2012/07/31,2332.922
2012/08/01,2358.651
2012/08/02,2334.882
2012/08/03,2353.737
2012/08/06,2385.611
2012/08/07,2388.873
2012/08/08,2389.795
2012/08/09,2411.7
2012/08/10,2399.751
2012/08/13,2351.931
2012/08/14,2357.016
2012/08/15,2331.615
2012/08/16,2319.67
2012/08/17,2313.476
2012/08/20,2301.788
2012/08/21,2313.703
2012/08/22,2295.586
2012/08/23,2302.199
2012/08/24,2275.677
2012/08/27,2228.204
2012/08/28,2238.411
2012/08/29,2214.814
2012/08/30,2211.37
2012/08/31,2204.868
2012/09/03,2228.369
2012/09/04,2204.407
2012/09/05,2199.875
2012/09/06,2217.823
2012/09/07,2317.179
2012/09/10,2326.666
2012/09/11,2311.89
2012/09/12,2320.071
2012/09/13,2298.461
2012/09/14,2315.542
2012/09/17,2258.705
2012/09/18,2235.239
2012/09/19,2246.236
2012/09/20,2195.951
2012/09/21,2199.063
2012/09/24,2215.516
2012/09/25,2210.154
2012/09/26,2184.891
2012/09/27,2251.717
2012/09/28,2293.106
2012/10/08,2270.054
2012/10/09,2320.157
2012/10/10,2324.117
2012/10/11,2302.533
2012/10/12,2304.531
2012/10/15,2294.857
2012/10/16,2298.162
2012/10/17,2300.803
2012/10/18,2336.077
2012/10/19,2332.47
2012/10/22,2341.592
2012/10/23,2312.077
2012/10/24,2307.779
2012/10/25,2291.239
2012/10/26,2247.907
2012/10/29,2235.854
2012/10/30,2239.882
2012/10/31,2254.82
2012/11/01,2297.884
2012/11/02,2306.774
2012/11/05,2301.88
2012/11/06,2292.206
2012/11/07,2287.505
2012/11/08,2245.405
2012/11/09,2240.924
2012/11/12,2251.848
2012/11/13,2212.44
2012/11/14,2223.11
2012/11/15,2193.623
2012/11/16,2177.24
2012/11/19,2174.985
2012/11/20,2164.881
2012/11/21,2194.896
2012/11/22,2177.546
2012/11/23,2192.676
2012/11/26,2175.599
2012/11/27,2150.638
2012/11/28,2129.161
2012/11/29,2115.676
2012/11/30,2139.661
2012/12/03,2108.85
2012/12/04,2131.473
2012/12/05,2207.878
2012/12/06,2203.602
2012/12/07,2246.757
2012/12/10,2271.046
2012/12/11,2258.5
2012/12/12,2267.767
2012/12/13,2242.635
2012/12/14,2355.865
2012/12/17,2366.7
2012/12/18,2368.12
2012/12/19,2371.109
2012/12/20,2384.816
2012/12/21,2372.002
2012/12/24,2381.217
2012/12/25,2448.395
2012/12/26,2457.619
2012/12/27,2444.594
2012/12/28,2480.049
2012/12/31,2522.952
2013/01/04,2524.409
2013/01/07,2535.985
2013/01/08,2525.33
2013/01/09,2526.126
2013/01/10,2530.569
2013/01/11,2483.23
2013/01/14,2577.725
2013/01/15,2595.856
2013/01/16,2577.092
2013/01/17,2552.758
2013/01/18,2595.439
2013/01/21,2610.898
2013/01/22,2596.898
2013/01/23,2607.456
2013/01/24,2582.755
2013/01/25,2571.674
2013/01/28,2651.863
2013/01/29,2675.866
2013/01/30,2688.711
2013/01/31,2686.882
2013/02/01,2743.324
2013/02/04,2748.028
2013/02/05,2771.675
2013/02/06,2775.844
2013/02/07,2759.87
2013/02/08,2771.725
2013/02/18,2737.471
2013/02/19,2685.606
2013/02/20,2702.635
2013/02/21,2610.549
2013/02/22,2596.604
2013/02/25,2604.96
2013/02/26,2567.595
2013/02/27,2594.677
2013/02/28,2673.327
2013/03/01,2668.836
2013/03/04,2545.715
2013/03/05,2622.807
2013/03/06,2650.202
2013/03/07,2619.479
2013/03/08,2606.927
2013/03/11,2592.372
2013/03/12,2555.615
2013/03/13,2527.486
2013/03/14,2534.273
2013/03/15,2539.873
2013/03/18,2502.493
2013/03/19,2525.097
2013/03/20,2610.174
2013/03/21,2614.988
2013/03/22,2618.308
2013/03/25,2613.097
2013/03/26,2575.05
2013/03/27,2583.53
2013/03/28,2499.302
2013/03/29,2495.083
2013/04/01,2493.187
2013/04/02,2486.391
2013/04/03,2483.547
2013/04/08,2472.299
2013/04/09,2489.43
2013/04/10,2485.309
2013/04/11,2477.876
2013/04/12,2462.112
2013/04/15,2436.818
2013/04/16,2459.592
2013/04/17,2458.473
2013/04/18,2464.851
2013/04/19,2533.827
2013/04/22,2530.67
2013/04/23,2449.471
2013/04/24,2495.579
2013/04/25,2467.875
2013/04/26,2447.306
2013/05/02,2449.639
2013/05/03,2492.912
2013/05/06,2525.983
2013/05/07,2529.938
2013/05/08,2542.798
2013/05/09,2527.794
2013/05/10,2540.836
2013/05/13,2530.768
2013/05/14,2493.338
2013/05/15,2506.925
2013/05/16,2552.709
2013/05/17,2592.048
2013/05/20,2609.607
2013/05/21,2614.853
2013/05/22,2618.034
2013/05/23,2582.849
2013/05/24,2597.228
2013/05/27,2599.587
2013/05/28,2644.359
2013/05/29,2642.561
2013/05/30,2634.323
2013/05/31,2606.426
2013/06/03,2602.623
2013/06/04,2565.666
2013/06/05,2560.539
2013/06/06,2527.845
2013/06/07,2484.16
2013/06/13,2399.937
2013/06/14,2416.771
2013/06/17,2403.839
2013/06/18,2418.745
2013/06/19,2400.765
2013/06/20,2321.466
2013/06/21,2317.394
2013/06/24,2171.21
2013/06/25,2165.421
2013/06/26,2168.297
2013/06/27,2160.735
2013/06/28,2200.639
2013/07/01,2213.317
2013/07/02,2221.984
2013/07/03,2203.828
2013/07/04,2221.979
2013/07/05,2226.849
2013/07/08,2163.619
2013/07/09,2162.669
2013/07/10,2224.065
2013/07/11,2326.688
2013/07/12,2275.373
2013/07/15,2307.297
2013/07/16,2317.848
2013/07/17,2282.836
2013/07/18,2245.328
2013/07/19,2190.478
2013/07/22,2202.189
2013/07/23,2265.845
2013/07/24,2249.151
2013/07/25,2237.683
2013/07/26,2224.008
2013/07/29,2175.97
2013/07/30,2189.388
2013/07/31,2193.021
2013/08/01,2245.364
2013/08/02,2247.263
2013/08/05,2278.329
2013/08/06,2293.641
2013/08/07,2280.623
2013/08/08,2276.782
2013/08/09,2286.01
2013/08/12,2352.794
2013/08/13,2359.068
2013/08/14,2349.08
2013/08/15,2321.576
2013/08/16,2304.144
2013/08/19,2331.43
2013/08/20,2312.465
2013/08/21,2308.589
2013/08/22,2303.932
2013/08/23,2286.929
2013/08/26,2335.616
2013/08/27,2340.881
2013/08/28,2328.056
2013/08/29,2318.311
2013/08/30,2313.91
2013/09/02,2320.344
2013/09/03,2354.502
2013/09/04,2350.699
2013/09/05,2341.735
2013/09/06,2357.782
2013/09/09,2440.609
2013/09/10,2474.894
2013/09/11,2482.889
2013/09/12,2507.455
2013/09/13,2488.902
2013/09/16,2478.39
2013/09/17,2427.322
2013/09/18,2432.51
2013/09/23,2472.288
2013/09/24,2443.885
2013/09/25,2429.03
2013/09/26,2384.443
2013/09/27,2394.971
2013/09/30,2409.037
2013/10/08,2441.811
2013/10/09,2453.583
2013/10/10,2429.317
2013/10/11,2468.508
2013/10/14,2472.542
2013/10/15,2467.517
2013/10/16,2421.371
2013/10/17,2413.33
2013/10/18,2426.054
2013/10/21,2471.322
2013/10/22,2445.891
2013/10/23,2418.491
2013/10/24,2400.511
2013/10/25,2368.559
2013/10/28,2365.954
2013/10/29,2372.053
2013/10/30,2407.471
2013/10/31,2373.718
2013/11/01,2384.96
2013/11/04,2380.454
2013/11/05,2383.769
2013/11/06,2353.568
2013/11/07,2340.552
2013/11/08,2307.945
2013/11/11,2315.889
2013/11/12,2340
2013/11/13,2288.116
2013/11/14,2304.501
2013/11/15,2350.734
2013/11/18,2428.903
2013/11/19,2412.163
2013/11/20,2424.85
2013/11/21,2409.989
2013/11/22,2397.962
2013/11/25,2388.629
2013/11/26,2387.416
2013/11/27,2414.481
2013/11/28,2439.53
2013/11/29,2438.944
2013/12/02,2418.788
2013/12/03,2442.784
2013/12/04,2475.135
2013/12/05,2468.197
2013/12/06,2452.287
2013/12/09,2450.872
2013/12/10,2453.322
2013/12/11,2412.763
2013/12/12,2410.015
2013/12/13,2406.639
2013/12/16,2367.923
2013/12/17,2356.376
2013/12/18,2357.226
2013/12/19,2332.41
2013/12/20,2278.136
2013/12/23,2284.602
2013/12/24,2288.248
2013/12/25,2305.11
2013/12/26,2265.334
2013/12/27,2303.478
2013/12/30,2299.458
2013/12/31,2330.026
2014/01/02,2321.978
2014/01/03,2290.779
2014/01/06,2238.637
2014/01/07,2238.001
2014/01/08,2241.911
2014/01/09,2222.221
2014/01/10,2204.851
2014/01/13,2193.679
2014/01/14,2212.846
2014/01/15,2208.941
2014/01/16,2211.844
2014/01/17,2178.488
2014/01/20,2165.993
2014/01/21,2187.41
2014/01/22,2243.796
2014/01/23,2231.889
2014/01/24,2245.678
2014/01/27,2215.919
2014/01/28,2219.855
2014/01/29,2227.781
2014/01/30,2202.45
2014/02/07,2212.483
2014/02/10,2267.534
2014/02/11,2285.562
2014/02/12,2291.246
2014/02/13,2279.554
2014/02/14,2295.575
2014/02/17,2311.647
2014/02/18,2282.442
2014/02/19,2308.656
2014/02/20,2287.436
2014/02/21,2264.294
2014/02/24,2214.509
2014/02/25,2157.909
2014/02/26,2163.405
2014/02/27,2154.108
2014/02/28,2178.971
2014/03/03,2190.37
2014/03/04,2184.273
2014/03/05,2163.976
2014/03/06,2173.634
2014/03/07,2168.358
2014/03/10,2097.787
2014/03/11,2108.661
2014/03/12,2114.134
2014/03/13,2140.333
2014/03/14,2122.836
2014/03/17,2143.038
2014/03/18,2138.133
2014/03/19,2120.87
2014/03/20,2086.967
2014/03/21,2158.798
2014/03/24,2176.554
2014/03/25,2174.44
2014/03/26,2171.047
2014/03/27,2155.707
2014/03/28,2151.965
2014/03/31,2146.305
2014/04/01,2163.115
2014/04/02,2180.727
2014/04/03,2165.008
2014/04/04,2185.472
2014/04/08,2237.316
2014/04/09,2238.62
2014/04/10,2273.761
2014/04/11,2270.666
2014/04/14,2268.613
2014/04/15,2229.463
2014/04/16,2232.526
2014/04/17,2224.803
2014/04/18,2224.479
2014/04/21,2187.248
2014/04/22,2196.795
2014/04/23,2194.668
2014/04/24,2190.474
2014/04/25,2167.826
2014/04/28,2134.969
2014/04/29,2158.47
2014/04/30,2158.659
2014/05/05,2156.47
2014/05/06,2157.328
2014/05/07,2137.316
2014/05/08,2135.496
2014/05/09,2133.911
2014/05/12,2180.054
2014/05/13,2174.852
2014/05/14,2172.372
2014/05/15,2144.084
2014/05/16,2145.952
2014/05/19,2115.143
2014/05/20,2115.771
2014/05/21,2135.905
2014/05/22,2130.868
2014/05/23,2148.414
2014/05/26,2155.976
2014/05/27,2147.28
2014/05/28,2169.352
2014/05/29,2155.164
2014/05/30,2156.464
2014/06/03,2149.918
2014/06/04,2128.274
2014/06/05,2150.602
2014/06/06,2134.716
2014/06/09,2134.281
2014/06/10,2161.268
2014/06/11,2160.766
2014/06/12,2153.41
2014/06/13,2176.242
2014/06/16,2191.855
2014/06/17,2169.674
2014/06/18,2160.239
2014/06/19,2126.907
2014/06/20,2136.729
2014/06/23,2134.11
2014/06/24,2144.821
2014/06/25,2133.371
2014/06/26,2149.076
2014/06/27,2150.258
2014/06/30,2165.118
2014/07/01,2164.559
2014/07/02,2170.867
2014/07/03,2180.192
2014/07/04,2178.695
2014/07/07,2176.289
2014/07/08,2180.473
2014/07/09,2148.71
2014/07/10,2142.847
2014/07/11,2148.009
2014/07/14,2171.758
2014/07/15,2174.976
2014/07/16,2170.868
2014/07/17,2157.068
2014/07/18,2164.144
2014/07/21,2166.295
2014/07/22,2192.698
2014/07/23,2197.833
2014/07/24,2237.015
2014/07/25,2260.454
2014/07/28,2323.897
2014/07/29,2331.369
2014/07/30,2322.011
2014/07/31,2350.251
2014/08/01,2329.402
2014/08/04,2375.62
2014/08/05,2369.353
2014/08/06,2363.221
2014/08/07,2327.457
2014/08/08,2331.134
2014/08/11,2365.349
2014/08/12,2357.052
2014/08/13,2358.901
2014/08/14,2335.945
2014/08/15,2360.635
2014/08/18,2374.562
2014/08/19,2374.768
2014/08/20,2366.14
2014/08/21,2354.244
2014/08/22,2365.364
2014/08/25,2342.863
2014/08/26,2324.092
2014/08/27,2327.595
2014/08/28,2311.278
2014/08/29,2338.287
2014/09/01,2355.317
2014/09/02,2386.46
2014/09/03,2408.838
2014/09/04,2426.224
2014/09/05,2449.259
2014/09/09,2445.224
2014/09/10,2432.433
2014/09/11,2423.454
2014/09/12,2438.358
2014/09/15,2437.189
2014/09/16,2388.765
2014/09/17,2401.326
2014/09/18,2408.664
2014/09/19,2425.211
2014/09/22,2378.92
2014/09/23,2399.462
2014/09/24,2441.864
2014/09/25,2436.965
2014/09/26,2437.201
2014/09/29,2447.799
2014/09/30,2450.988
2014/10/08,2478.383
2014/10/09,2481.955
2014/10/10,2466.789
2014/10/13,2454.946
2014/10/14,2446.562
2014/10/15,2463.874
2014/10/16,2444.395
2014/10/17,2441.732
2014/10/20,2454.711
2014/10/21,2433.391
2014/10/22,2418.641
2014/10/23,2395.936
2014/10/24,2390.706
2014/10/27,2368.832
2014/10/28,2416.653
2014/10/29,2451.384
2014/10/30,2468.925
2014/10/31,2508.325
2014/11/03,2512.548
2014/11/04,2513.172
2014/11/05,2503.448
2014/11/06,2506.067
2014/11/07,2502.153
2014/11/10,2565.73
2014/11/11,2558.612
2014/11/12,2594.318
2014/11/13,2579.75
2014/11/14,2581.093
2014/11/17,2567.101
2014/11/18,2541.416
2014/11/19,2537.223
2014/11/20,2537.099
2014/11/21,2583.455
2014/11/24,2649.258
2014/11/25,2685.561
2014/11/26,2723.018
2014/11/27,2754.49
2014/11/28,2808.819
2014/12/01,2819.812
2014/12/02,2923.94
2014/12/03,2967.549
2014/12/04,3104.351
2014/12/05,3124.885
2014/12/08,3252.881
2014/12/09,3106.913
2014/12/10,3221.546
2014/12/11,3183.012
2014/12/12,3193.227
2014/12/15,3217.228
2014/12/16,3303.402
2014/12/17,3360.598
2014/12/18,3345.927
2014/12/19,3383.167
2014/12/22,3394.481
2014/12/23,3324.924
2014/12/24,3230.385
2014/12/25,3335.419
2014/12/26,3445.839
2014/12/29,3455.455
2014/12/30,3457.554
2014/12/31,3533.705
2015/01/05,3641.541
2015/01/06,3641.059
2015/01/07,3643.79
2015/01/08,3559.259
2015/01/09,3546.723
2015/01/12,3513.576
2015/01/13,3514.04
2015/01/14,3502.423
2015/01/15,3604.121
2015/01/16,3635.146
2015/01/19,3355.155
2015/01/20,3396.222
2015/01/21,3548.885
2015/01/22,3567.613
2015/01/23,3571.732
2015/01/26,3607.985
2015/01/27,3574.931
2015/01/28,3525.323
2015/01/29,3481.798
2015/01/30,3434.39
2015/02/02,3353.96
2015/02/03,3437.445
2015/02/04,3401.768
2015/02/05,3366.946
2015/02/06,3312.42
2015/02/09,3345.921
2015/02/10,3406.943
2015/02/11,3434.124
2015/02/12,3442.874
2015/02/13,3469.828
2015/02/16,3499.483
2015/02/17,3522.322
2015/02/25,3478.729
2015/02/26,3566.295
2015/02/27,3572.843
2015/03/02,3601.265
2015/03/03,3507.9
2015/03/04,3530.822
2015/03/05,3496.344
2015/03/06,3478.52
2015/03/09,3537.75
2015/03/10,3520.611
2015/03/11,3524.653
2015/03/12,3592.844
2015/03/13,3617.657
2015/03/16,3705.671
2015/03/17,3757.122
2015/03/18,3846.055
2015/03/19,3839.739
2015/03/20,3892.574
2015/03/23,3972.061
2015/03/24,3973.046
2015/03/25,3940.412
2015/03/26,3949.999
2015/03/27,3971.697
2015/03/30,4088.178
2015/03/31,4051.204
2015/04/01,4123.895
2015/04/02,4124.776
2015/04/03,4170.538
2015/04/07,4260.044
2015/04/08,4295.803
2015/04/09,4262.138
2015/04/10,4344.416
2015/04/13,4421.073
2015/04/14,4438.184
2015/04/15,4380.513
2015/04/16,4513.546
2015/04/17,4596.136
2015/04/20,4521.919
2015/04/21,4619.164
2015/04/22,4739.814
2015/04/23,4740.892
2015/04/24,4702.641
2015/04/27,4807.592
2015/04/28,4741.861
2015/04/29,4774.326
2015/04/30,4749.886
2015/05/04,4787.741
2015/05/05,4596.837
2015/05/06,4553.327
2015/05/07,4470.089
2015/05/08,4558.404
2015/05/11,4690.532
2015/05/12,4747.421
2015/05/13,4718.436
2015/05/14,4700.778
2015/05/15,4617.47
2015/05/18,4575.14
2015/05/19,4731.222
2015/05/20,4754.919
2015/05/21,4840.976
2015/05/22,4951.335
2015/05/25,5099.495
2015/05/26,5198.918
2015/05/27,5181.434
2015/05/28,4834.007
2015/05/29,4840.829
2015/06/01,5076.179
2015/06/02,5161.87
2015/06/03,5143.59
2015/06/04,5181.416
2015/06/05,5230.552
2015/06/08,5353.751
2015/06/09,5317.461
2015/06/10,5309.112
2015/06/11,5306.59
2015/06/12,5335.1151
2015/06/15,5221.1665
2015/06/16,5064.8212
2015/06/17,5138.8307
2015/06/18,4930.5491
2015/06/19,4637.0517
2015/06/23,4786.0906
2015/06/24,4880.1261
2015/06/25,4706.5159
2015/06/26,4336.1947
2015/06/29,4191.5486
2015/06/30,4472.9976
2015/07/01,4253.021
2015/07/02,4107.9961
2015/07/03,3885.9169
2015/07/06,3998.537
2015/07/07,3928.0025
2015/07/08,3663.0375
2015/07/09,3897.6263
2015/07/10,4106.5561
2015/07/13,4211.8116
2015/07/14,4112.1488
2015/07/15,3966.7585
2015/07/16,3997.3555
2015/07/17,4151.4956
2015/07/20,4160.612
2015/07/21,4166.0057
2015/07/22,4157.1604
2015/07/23,4250.805
2015/07/24,4176.2787
2015/07/27,3818.7314
2015/07/28,3811.0926
2015/07/29,3930.3791
2015/07/30,3815.4118
2015/07/31,3816.6993
2015/08/03,3829.2354
2015/08/04,3948.1554
2015/08/05,3866.8998
2015/08/06,3831.8516
2015/08/07,3906.9448
2015/08/10,4084.3646
2015/08/11,4066.6692
2015/08/12,4016.1262
2015/08/13,4075.463
2015/08/14,4073.54
2015/08/17,4077.8721
2015/08/18,3825.4122
2015/08/19,3886.1357
2015/08/20,3761.4541
2015/08/21,3589.5358
2015/08/24,3275.5342
2015/08/25,3042.9266
2015/08/26,3025.692
2015/08/27,3205.6375
2015/08/28,3342.2863
2015/08/31,3366.5359
2015/09/01,3362.0827
2015/09/02,3365.8318
2015/09/07,3250.485
2015/09/08,3334.0233
2015/09/09,3399.3054
2015/09/10,3357.561
2015/09/11,3347.1878
2015/09/14,3281.1317
2015/09/15,3152.2319
2015/09/16,3309.2484
2015/09/17,3236.9986
2015/09/18,3251.2732
2015/09/21,3308.2467
2015/09/22,3339.03
2015/09/23,3263.0275
2015/09/24,3284.9991
2015/09/25,3231.9514
2015/09/28,3242.7524
2015/09/29,3178.8544
2015/09/30,3202.9475
2015/10/08,3296.482
2015/10/09,3340.1159
2015/10/12,3447.6934
2015/10/13,3445.0431
2015/10/14,3406.1116
2015/10/15,3486.815
2015/10/16,3534.0653
2015/10/19,3534.1821
2015/10/20,3577.7027
2015/10/21,3473.2544
2015/10/22,3524.5339
2015/10/23,3571.2411
2015/10/26,3589.2611
2015/10/27,3592.8794
2015/10/28,3524.9199
2015/10/29,3533.3065
2015/10/30,3534.0788
2015/11/02,3475.9623
2015/11/03,3465.4927
2015/11/04,3628.5377
2015/11/05,3705.9697
2015/11/06,3793.3739
2015/11/09,3840.3547
2015/11/10,3833.2379
2015/11/11,3833.6457
2015/11/12,3795.3241
2015/11/13,3746.2422
2015/11/16,3764.1262
2015/11/17,3758.3869
2015/11/18,3715.5796
2015/11/19,3774.969
2015/11/20,3774.3833
2015/11/23,3753.3351
2015/11/24,3753.8887
2015/11/25,3781.6069
2015/11/26,3759.4286
2015/11/27,3556.9924
2015/11/30,3566.4122
2015/12/01,3591.696
2015/12/02,3721.9545
2015/12/03,3749.2985
2015/12/04,3677.5922
2015/12/07,3687.6073
2015/12/08,3623.0202
2015/12/09,3635.9382
2015/12/10,3623.0842
2015/12/11,3608.0587
2015/12/14,3711.322
2015/12/15,3694.3885
2015/12/16,3685.4398
2015/12/17,3755.8881
2015/12/18,3767.9128
2015/12/21,3865.965
2015/12/22,3876.7325
2015/12/23,3866.3814
2015/12/24,3829.4022
2015/12/25,3838.201
2015/12/28,3727.6316
2015/12/29,3761.8745
2015/12/30,3765.1752
2015/12/31,3731.0047
2016/01/04,3469.0662
2016/01/05,3478.7797
2016/01/06,3539.8082
2016/01/07,3294.3839
2016/01/08,3361.5632
2016/01/11,3192.4499
2016/01/12,3215.7099
2016/01/13,3155.8787
2016/01/14,3221.5714
2016/01/15,3118.7301
2016/01/18,3130.7289
2016/01/19,3223.1251
2016/01/20,3174.3781
2016/01/21,3081.3454
2016/01/22,3113.4626
2016/01/25,3128.886
2016/01/26,2940.5085
2016/01/27,2930.3519
2016/01/28,2853.7562
2016/01/29,2946.0902
2016/02/01,2901.0477
2016/02/02,2961.3337
2016/02/03,2948.6386
2016/02/04,2984.7598
2016/02/05,2963.7894
2016/02/15,2946.7066
2016/02/16,3037.0353
2016/02/17,3063.3199
2016/02/18,3053.6985
2016/02/19,3051.585
2016/02/22,3118.8675
2016/02/23,3089.3632
2016/02/24,3109.5454
2016/02/25,2918.7501
2016/02/26,2948.0306
2016/02/29,2877.4666
2016/03/01,2930.6937
2016/03/02,3051.3327
2016/03/03,3058.4219
2016/03/04,3093.8895
2016/03/07,3104.8397
2016/03/08,3107.6727
2016/03/09,3071.907
2016/03/10,3013.1457
2016/03/11,3018.2844
2016/03/14,3065.6904
2016/03/15,3074.7796
2016/03/16,3090.0328
2016/03/17,3124.2039
2016/03/18,3171.963
2016/03/21,3249.4372
2016/03/22,3225.7903
2016/03/23,3236.0924
2016/03/24,3181.8507
2016/03/25,3197.8169
2016/03/28,3169.7283
2016/03/29,3135.4098
2016/03/30,3216.2753
2016/03/31,3218.0879
2016/04/01,3221.8948
2016/04/05,3264.4858
2016/04/06,3257.5276
2016/04/07,3209.2902
2016/04/08,3185.7258
2016/04/11,3230.0957
2016/04/12,3218.4497
2016/04/13,3261.3831
2016/04/14,3275.8321
2016/04/15,3272.2053
2016/04/18,3228.4531
2016/04/19,3238.3029
2016/04/20,3181.0264
2016/04/21,3160.6033
2016/04/22,3174.9012
2016/04/25,3162.0331
2016/04/26,3179.1605
2016/04/27,3165.9156
2016/04/28,3160.5809
2016/04/29,3156.7451
2016/05/03,3213.5397
2016/05/04,3209.4614
2016/05/05,3213.9199
2016/05/06,3130.3544
2016/05/09,3065.6154
2016/05/10,3069.1124
2016/05/11,3082.8086
2016/05/12,3090.1372
2016/05/13,3074.9351
2016/05/16,3095.3085
2016/05/17,3086.0249
2016/05/18,3068.0358
2016/05/19,3062.5002
2016/05/20,3078.2183
2016/05/23,3087.2225
2016/05/24,3063.5556
2016/05/25,3059.2259
2016/05/26,3064.2111
2016/05/27,3062.4993
2016/05/30,3066.7095
2016/05/31,3169.5598
2016/06/01,3160.547
2016/06/02,3167.0997
2016/06/03,3189.3255
2016/06/06,3178.7883
2016/06/07,3177.0536
2016/06/08,3163.9864
2016/06/13,3066.3413
2016/06/14,3075.9834
2016/06/15,3116.3682
2016/06/16,3094.6748
2016/06/17,3110.3572
2016/06/20,3112.6744
2016/06/21,3106.3175
2016/06/22,3133.9611
2016/06/23,3117.3168
2016/06/24,3077.1554
2016/06/27,3120.5443
2016/06/28,3136.4013
2016/06/29,3151.3898
2016/06/30,3153.921
2016/07/01,3154.2003
2016/07/04,3204.6962
2016/07/05,3207.3827
2016/07/06,3216.8035
2016/07/07,3209.9542
2016/07/08,3192.2804
2016/07/11,3203.3298
2016/07/12,3273.1823
2016/07/13,3282.8681
2016/07/14,3276.7637
2016/07/15,3276.2775
2016/07/18,3262.0222
2016/07/19,3248.2341
2016/07/20,3237.6051
2016/07/21,3252.5227
2016/07/22,3225.1621
2016/07/25,3230.885
2016/07/26,3269.5882
2016/07/27,3218.243
2016/07/28,3221.1365
2016/07/29,3203.9304
2016/08/01,3176.8091
2016/08/02,3189.0529
2016/08/03,3193.5073
2016/08/04,3201.2888
2016/08/05,3205.1101
2016/08/08,3234.1833
2016/08/09,3256.9813
2016/08/10,3243.3409
2016/08/11,3233.3604
2016/08/12,3294.2337
2016/08/15,3393.4239
2016/08/16,3378.2451
2016/08/17,3373.0476
2016/08/18,3364.4851
2016/08/19,3365.0197
2016/08/22,3336.7949
2016/08/23,3341.8298
2016/08/24,3329.8631
2016/08/25,3308.9721
2016/08/26,3307.0902
2016/08/29,3307.7812
2016/08/30,3311.9872
2016/08/31,3327.7938
2016/09/01,3301.5767
2016/09/02,3314.1142
2016/09/05,3319.6803
2016/09/06,3342.6259
2016/09/07,3340.8172
2016/09/08,3339.564
2016/09/09,3318.044
2016/09/12,3262.6043
2016/09/13,3260.333
2016/09/14,3238.7299
2016/09/19,3263.1242
2016/09/20,3257.4034
2016/09/21,3266.6363
2016/09/22,3291.1211
2016/09/23,3275.6665
2016/09/26,3220.2838
2016/09/27,3240.7546
2016/09/28,3230.8904
2016/09/29,3244.3874
2016/09/30,3253.2848
2016/10/10,3293.8689
2016/10/11,3306.5573
2016/10/12,3300.0099
2016/10/13,3302.6455
2016/10/14,3305.8481
2016/10/17,3277.8787
2016/10/18,3321.3324
2016/10/19,3316.2407
2016/10/20,3318.6044
2016/10/21,3327.74
2016/10/24,3367.5778
2016/10/25,3367.4547
2016/10/26,3354.8003
2016/10/27,3345.695
2016/10/28,3340.1262
2016/10/31,3336.2778
2016/11/01,3359.0515
2016/11/02,3333.3524
2016/11/03,3365.085
2016/11/04,3354.1749
2016/11/07,3356.5916
2016/11/08,3371.1177
2016/11/09,3353.0547
2016/11/10,3390.6119
2016/11/11,3417.2211
2016/11/14,3430.2482
2016/11/15,3429.8697
2016/11/16,3429.5921
2016/11/17,3436.535
2016/11/18,3417.4554
2016/11/21,3441.1106
2016/11/22,3468.3637
2016/11/23,3474.7289
2016/11/24,3488.7402
2016/11/25,3521.2984
2016/11/28,3535.0807
2016/11/29,3564.0404
2016/11/30,3538.001
2016/12/01,3565.036
2016/12/02,3528.9547
2016/12/05,3469.4073
2016/12/06,3459.1533
2016/12/07,3475.7473
2016/12/08,3470.1426
2016/12/09,3493.7004
2016/12/12,3409.1794
2016/12/13,3405.0355
2016/12/14,3378.9453
2016/12/15,3340.4338
2016/12/16,3346.0305
2016/12/19,3328.9827
2016/12/20,3309.0641
2016/12/21,3338.536
2016/12/22,3335.672
2016/12/23,3307.5991
2016/12/26,3322.4006
2016/12/27,3316.3852
2016/12/28,3301.8887
2016/12/29,3297.7648
2016/12/30,3310.0808
2017/01/03,3342.2272
2017/01/04,3368.3117
2017/01/05,3367.7892
2017/01/06,3347.6665
2017/01/09,3363.9014
2017/01/10,3358.2716
2017/01/11,3334.4954
2017/01/12,3317.6241
2017/01/13,3319.9122
2017/01/16,3319.4455
2017/01/17,3326.3563
2017/01/18,3339.3653
2017/01/19,3329.2891
2017/01/20,3354.8891
2017/01/23,3364.0808
2017/01/24,3364.4509
2017/01/25,3375.9042
2017/01/26,3387.9606
2017/02/03,3364.4923
2017/02/06,3373.2051
2017/02/07,3365.6849
2017/02/08,3383.2878
2017/02/09,3396.2924
2017/02/10,3413.4868
2017/02/13,3436.275
2017/02/14,3435.8042
2017/02/15,3421.7131
2017/02/16,3440.9331
2017/02/17,3421.4419
2017/02/20,3471.3926
2017/02/21,3482.823
2017/02/22,3489.7567
2017/02/23,3473.3236
2017/02/24,3473.8517
2017/02/27,3446.2228
2017/02/28,3452.8103
2017/03/01,3458.4376
2017/03/02,3435.0963
2017/03/03,3427.8628
2017/03/06,3446.484
2017/03/07,3453.9565
2017/03/08,3448.7313
2017/03/09,3426.9438
2017/03/10,3427.8916
2017/03/13,3458.098
2017/03/14,3456.6934
2017/03/15,3463.6436
2017/03/16,3481.5066
2017/03/17,3445.8051
2017/03/20,3449.6126
2017/03/21,3466.3468
2017/03/22,3450.0502
2017/03/23,3461.9782
2017/03/24,3489.5997
2017/03/27,3478.0385
2017/03/28,3469.8093
2017/03/29,3465.1933
2017/03/30,3436.758
2017/03/31,3456.0455
2017/04/05,3503.8932
2017/04/06,3514.0469
2017/04/07,3517.4634
2017/04/10,3505.1392
2017/04/11,3517.328
2017/04/12,3509.4387
2017/04/13,3514.5662
2017/04/14,3486.5045
2017/04/17,3479.9417
2017/04/18,3462.7429
2017/04/19,3445.8761
2017/04/20,3461.5481
2017/04/21,3466.7865
2017/04/24,3431.2587
2017/04/25,3440.9743
2017/04/26,3445.1832
2017/04/27,3446.7202
2017/04/28,3439.753
2017/05/02,3426.5766
2017/05/03,3413.1282
2017/05/04,3404.3864
2017/05/05,3382.5502
2017/05/08,3358.8125
2017/05/09,3352.5324
2017/05/10,3337.7007
2017/05/11,3356.6459
2017/05/12,3385.3787
2017/05/15,3399.1937
2017/05/16,3428.6491
2017/05/17,3409.9656
2017/05/18,3398.1127
2017/05/19,3403.8492
2017/05/22,3411.2387
2017/05/23,3424.194
2017/05/24,3424.1669
2017/05/25,3485.6581
2017/05/26,3480.4345
2017/05/31,3492.8845
2017/06/01,3497.7382
2017/06/02,3486.5074
2017/06/05,3468.7538
2017/06/06,3492.8816
2017/06/07,3533.8718
2017/06/08,3560.9786
2017/06/09,3576.1703
2017/06/12,3574.3894
2017/06/13,3582.2674
2017/06/14,3535.2987
2017/06/15,3528.7926
2017/06/16,3518.7611
2017/06/19,3553.6653
2017/06/20,3546.494
2017/06/21,3587.955
2017/06/22,3590.3425
2017/06/23,3622.8831
2017/06/26,3668.0919
2017/06/27,3674.7152
2017/06/28,3646.1666
2017/06/29,3668.8279
2017/06/30,3666.7977
2017/07/03,3650.8463
2017/07/04,3619.9841
2017/07/05,3659.6795
2017/07/06,3660.0967
2017/07/07,3655.9293
2017/07/10,3653.6868
2017/07/11,3670.8086
2017/07/12,3658.8236
2017/07/13,3686.9205
2017/07/14,3703.094
2017/07/17,3663.5575
2017/07/18,3667.1807
2017/07/19,3729.7466
2017/07/20,3747.8843
2017/07/21,3728.5976
2017/07/24,3743.4686
2017/07/25,3719.559
2017/07/26,3705.3884
2017/07/27,3712.1947
2017/07/28,3721.8914
2017/07/31,3737.8732
2017/08/01,3770.3828
2017/08/02,3760.8525
2017/08/03,3727.8264
2017/08/04,3707.5796
2017/08/07,3726.7948
2017/08/08,3732.2129
2017/08/09,3731.044
2017/08/10,3715.9208
2017/08/11,3647.3503
2017/08/14,3694.6831
2017/08/15,3706.0566
2017/08/16,3701.4207
2017/08/17,3721.277
2017/08/18,3724.6748
2017/08/21,3740.9941
2017/08/22,3752.298
2017/08/23,3756.0884
2017/08/24,3734.6458
2017/08/25,3795.7544
2017/08/28,3842.7119
2017/08/29,3834.5376
2017/08/30,3834.3005
2017/08/31,3822.0928
2017/09/01,3830.5383
2017/09/04,3845.6163
2017/09/05,3857.0464
2017/09/06,3849.4499
2017/09/07,3829.8713
2017/09/08,3825.9895
2017/09/11,3825.6453
2017/09/12,3837.9341
2017/09/13,3842.6061
2017/09/14,3829.9554
2017/09/15,3831.2965
2017/09/18,3843.1428
2017/09/19,3832.1161
2017/09/20,3842.4353
2017/09/21,3837.8176
2017/09/22,3837.7304
2017/09/25,3817.7915
2017/09/26,3820.7816
2017/09/27,3821.2
2017/09/28,3822.5386
2017/09/29,3836.5013
2017/10/09,3882.2076
2017/10/10,3889.8637
2017/10/11,3902.6868
2017/10/12,3912.9536
2017/10/13,3921.0017
2017/10/16,3913.4462
2017/10/17,3913.0688
2017/10/18,3944.1626
2017/10/19,3931.2495
2017/10/20,3926.852
2017/10/23,3930.7981
2017/10/24,3959.3953
2017/10/25,3976.949
2017/10/26,3993.5752
2017/10/27,4021.9676
2017/10/30,4009.7218
2017/10/31,4006.7179
2017/11/01,3996.6221
2017/11/02,3997.1343
2017/11/03,3992.6979
2017/11/06,4020.8896
2017/11/07,4054.2465
2017/11/08,4048.0057
2017/11/09,4075.8998
2017/11/10,4111.9112
2017/11/13,4128.0733
2017/11/14,4099.351
2017/11/15,4073.6696
2017/11/16,4105.0122
2017/11/17,4120.8508
2017/11/20,4143.8334
2017/11/21,4217.7015
2017/11/22,4227.5666
2017/11/23,4102.3966
2017/11/24,4104.2034
2017/11/27,4049.9475
2017/11/28,4055.8235
2017/11/29,4053.7529
2017/11/30,4006.0993
2017/12/01,3998.1365
2017/12/04,4018.8571
2017/12/05,4040.1704
2017/12/06,4015.8211
2017/12/07,3971.0569
2017/12/08,4003.3792
2017/12/11,4069.4997
2017/12/12,4016.0163
2017/12/13,4050.0927
2017/12/14,4026.1516
2017/12/15,3980.8558
2017/12/18,3985.2914
2017/12/19,4035.3294
2017/12/20,4030.4898
2017/12/21,4067.8485
2017/12/22,4054.5984
2017/12/25,4041.5401
2017/12/26,4053.6224
2017/12/27,3991.2075
2017/12/28,4018.8974
2017/12/29,4030.8549
2018/01/02,4087.4012
2018/01/03,4111.3925
2018/01/04,4128.8119
2018/01/05,4138.7505
2018/01/08,4160.1595
2018/01/09,4189.2977
2018/01/10,4207.8132
2018/01/11,4205.5863
2018/01/12,4225.001
2018/01/15,4225.2393
2018/01/16,4258.473
2018/01/17,4248.1164
2018/01/18,4271.4168
2018/01/19,4285.395
2018/01/22,4336.5974
2018/01/23,4382.6129
2018/01/24,4389.8853
2018/01/25,4365.0794
2018/01/26,4381.2996
2018/01/29,4302.0181
2018/01/30,4256.1021
2018/01/31,4275.8986
2018/02/01,4245.8978
2018/02/02,4271.2326
2018/02/05,4274.1464
2018/02/06,4148.8856
2018/02/07,4050.4972
2018/02/08,4012.0472
2018/02/09,3840.6527
2018/02/12,3890.1046
2018/02/13,3935.6324
2018/02/14,3966.9614
2018/02/22,4052.7332
2018/02/23,4071.0889
2018/02/26,4118.4186
2018/02/27,4058.9806
2018/02/28,4023.6415
2018/03/01,4049.0863
2018/03/02,4016.461
2018/03/05,4018.097
2018/03/06,4066.5647
2018/03/07,4036.6536
2018/03/08,4077.6001
2018/03/09,4108.8652
2018/03/12,4127.6662
2018/03/13,4091.2533
2018/03/14,4073.3447
2018/03/15,4096.1627
2018/03/16,4056.4226
2018/03/19,4074.2479
2018/03/20,4077.7041
2018/03/21,4061.0502
2018/03/22,4020.349
2018/03/23,3904.9355
2018/03/26,3879.893
2018/03/27,3913.2689
2018/03/28,3842.7155
2018/03/29,3894.0498
2018/03/30,3898.4977
2018/04/02,3886.9189
2018/04/03,3862.4796
2018/04/04,3854.8625
2018/04/09,3852.9292
2018/04/10,3927.1729
2018/04/11,3938.3434
2018/04/12,3898.6354
2018/04/13,3871.1443
2018/04/16,3808.863
2018/04/17,3748.6412
2018/04/18,3766.282
2018/04/19,3811.843
2018/04/20,3760.8543
2018/04/23,3766.3257
2018/04/24,3843.4886
2018/04/25,3828.7015
2018/04/26,3755.4941
2018/04/27,3756.8765
2018/05/02,3763.6461
2018/05/03,3793.0001
2018/05/04,3774.5981
2018/05/07,3834.1877
2018/05/08,3878.6767
2018/05/09,3871.6152
2018/05/10,3893.0565
2018/05/11,3872.8383
2018/05/14,3909.2933
2018/05/15,3924.0975
2018/05/16,3892.8442
2018/05/17,3864.0507
2018/05/18,3903.0637
2018/05/21,3921.2421
2018/05/22,3906.2081
2018/05/23,3854.5825
2018/05/24,3827.217
2018/05/25,3816.498
2018/05/28,3833.2599
2018/05/29,3804.0093
2018/05/30,3723.3724
2018/05/31,3802.3759
2018/06/01,3770.5891
2018/06/04,3807.5781
2018/06/05,3845.3164
2018/06/06,3837.3511
2018/06/07,3831.0128
2018/06/08,3779.6159
2018/06/11,3779.9818
2018/06/12,3825.9534
2018/06/13,3788.3391
2018/06/14,3773.3655
2018/06/15,3753.4338
2018/06/19,3621.1166
2018/06/20,3635.4436
2018/06/21,3592.965
2018/06/22,3608.9046
2018/06/25,3560.4777
2018/06/26,3531.1112
2018/06/27,3459.2621
2018/06/28,3423.5255
2018/06/29,3510.9845
2018/07/02,3407.9638
2018/07/03,3409.2801
2018/07/04,3363.7473
2018/07/05,3342.4379
2018/07/06,3365.1227
2018/07/09,3459.1837
2018/07/10,3467.5155
2018/07/11,3407.5297
2018/07/12,3481.0559
2018/07/13,3492.6897
2018/07/16,3472.0859
2018/07/17,3449.3773
2018/07/18,3431.3227
2018/07/19,3428.343
2018/07/20,3492.8938
2018/07/23,3525.7503
2018/07/24,3581.7057
2018/07/25,3577.7522
2018/07/26,3536.2456
2018/07/27,3521.2269
2018/07/30,3515.0794
2018/07/31,3517.6568
2018/08/01,3447.3882
2018/08/02,3370.9579
2018/08/03,3315.2839
2018/08/06,3273.2728
2018/08/07,3368.8695
2018/08/08,3314.5075
2018/08/09,3397.5298
2018/08/10,3405.0191
2018/08/13,3390.3441
2018/08/14,3372.9137
2018/08/15,3291.976
2018/08/16,3276.7276
2018/08/17,3229.6198
2018/08/20,3267.2498
2018/08/21,3326.6489
2018/08/22,3307.9545
2018/08/23,3320.0257
2018/08/24,3325.3347
2018/08/27,3406.5735
2018/08/28,3400.1705
2018/08/29,3386.5736
2018/08/30,3351.0942
2018/08/31,3334.5036
2018/09/03,3321.8248
2018/09/04,3363.8984
2018/09/05,3298.1412
2018/09/06,3262.8808
2018/09/07,3277.6438
2018/09/10,3230.0681
2018/09/11,3224.2116
2018/09/12,3202.0248
2018/09/13,3236.5662
2018/09/14,3242.0902
2018/09/17,3204.9224
2018/09/18,3269.4319
2018/09/19,3312.4823
2018/09/20,3310.1258
2018/09/21,3410.4856
2018/09/25,3379.8043
2018/09/26,3417.2413
2018/09/27,3403.5902
2018/09/28,3438.8649
2018/10/08,3290.8988
2018/10/09,3288.6906
2018/10/10,3281.5978
2018/10/11,3124.1139
2018/10/12,3170.7262
2018/10/15,3126.4516
2018/10/16,3100.9738
2018/10/17,3118.2463
2018/10/18,3044.3918
2018/10/19,3134.9455
2018/10/22,3270.2732
2018/10/23,3183.4257
2018/10/24,3188.2018
2018/10/25,3194.3084
2018/10/26,3173.635
2018/10/29,3076.8889
2018/10/30,3110.2605
2018/10/31,3153.8234
2018/11/01,3177.0338
2018/11/02,3290.2455
2018/11/05,3262.8351
2018/11/06,3243.1504
2018/11/07,3221.9101
2018/11/08,3212.7737
2018/11/09,3167.4442
2018/11/12,3205.1407
2018/11/13,3237.3823
2018/11/14,3204.9427
2018/11/15,3242.3715
2018/11/16,3257.6735
2018/11/19,3294.6031
2018/11/20,3218.4076
2018/11/21,3226.4918
2018/11/22,3214.4273
2018/11/23,3143.4752
2018/11/26,3141.2434
2018/11/27,3137.2413
2018/11/28,3178.9326
2018/11/29,3137.6542
2018/11/30,3172.69
2018/12/03,3260.9502
2018/12/04,3267.7095
2018/12/05,3252.0041
2018/12/06,3181.673
2018/12/07,3181.5646
2018/12/10,3144.7631
2018/12/11,3159.8158
2018/12/12,3170.6092
2018/12/13,3219.6924
2018/12/14,3165.9109
2018/12/17,3161.1966
2018/12/18,3128.4265
2018/12/19,3091.1255
2018/12/20,3067.4169
2018/12/21,3029.3951
2018/12/24,3038.1981
2018/12/25,3017.2815
2018/12/26,3002.0327
2018/12/27,2990.5057
2018/12/28,3010.6536
2019/01/02,2969.5353
2019/01/03,2964.8421
2019/01/04,3035.8741
2019/01/07,3054.303
2019/01/08,3047.7035
2019/01/09,3078.4759
2019/01/10,3072.6864
2019/01/11,3094.7782
2019/01/14,3067.7845
2019/01/15,3127.9904
2019/01/16,3128.6517
2019/01/17,3111.4168
2019/01/18,3168.1739
2019/01/21,3185.6364
2019/01/22,3143.3171
2019/01/23,3141.0532
2019/01/24,3158.7817
2019/01/25,3184.4696
2019/01/28,3183.7777
2019/01/29,3193.9698
2019/01/30,3168.4829
2019/01/31,3201.6331
2019/02/01,3247.3971
2019/02/11,3306.4725
2019/02/12,3330.3353
2019/02/13,3397.0276
2019/02/14,3402.1403
2019/02/15,3338.7047
2019/02/18,3445.7448
2019/02/19,3439.6078
2019/02/20,3451.9273
2019/02/21,3442.7056
2019/02/22,3520.1182
2019/02/25,3729.4831
2019/02/26,3684.6935
2019/02/27,3678.3921
2019/02/28,3669.3703
2019/03/01,3749.7143
2019/03/04,3794.104
2019/03/05,3816.0132
2019/03/06,3848.0903
2019/03/07,3808.8497
2019/03/08,3657.579
2019/03/11,3729.9546
2019/03/12,3755.3519
2019/03/13,3724.1941
2019/03/14,3698.4858
2019/03/15,3745.005
2019/03/18,3851.7479
2019/03/19,3833.9626
2019/03/20,3835.4397
2019/03/21,3836.8913
2019/03/22,3833.8013
2019/03/25,3742.8252
2019/03/26,3700.4388
2019/03/27,3743.3878
2019/03/28,3728.3953
2019/03/29,3872.3412
2019/04/01,3973.928
2019/04/02,3971.2852
2019/04/03,4022.1566
2019/04/04,4062.2309
2019/04/08,4057.2286
2019/04/09,4075.4301
2019/04/10,4085.847
2019/04/11,3997.5778
2019/04/12,3988.6168
2019/04/15,3975.5244
2019/04/16,4085.7891
2019/04/17,4087.2398
2019/04/18,4072.0753
2019/04/19,4120.6078
2019/04/22,4025.6109
2019/04/23,4019.0053
2019/04/24,4030.0887
2019/04/25,3941.816
2019/04/26,3889.2748
2019/04/29,3900.3339
2019/04/30,3913.211
2019/05/06,3684.6168
2019/05/07,3720.6684
2019/05/08,3667.4574
2019/05/09,3599.7001
2019/05/10,3730.4513
2019/05/13,3668.7255
2019/05/14,3645.1503
2019/05/15,3727.0923
2019/05/16,3743.9635
2019/05/17,3648.7609
2019/05/20,3617.7924
2019/05/21,3666.7762
2019/05/22,3649.3796
2019/05/23,3583.9646
2019/05/24,3593.9139
2019/05/27,3637.1971
2019/05/28,3672.2605
2019/05/29,3663.909
2019/05/30,3641.1833
2019/05/31,3629.7893
2019/06/03,3632.0127
2019/06/04,3598.4666
2019/06/05,3597.105
2019/06/06,3564.6778
2019/06/10,3610.7435
2019/06/11,3719.2759
2019/06/12,3691.0957
2019/06/13,3685.3933
2019/06/14,3654.8799
2019/06/17,3654.8248
2019/06/18,3667.6185
2019/06/19,3715.9381
2019/06/20,3828.5183
2019/06/21,3833.9383
2019/06/24,3841.2659
2019/06/25,3801.3098
2019/06/26,3794.331
2019/06/27,3834.8172
2019/06/28,3825.5873
2019/07/01,3935.8116
2019/07/02,3937.1691
2019/07/03,3893.5341
2019/07/04,3873.1019
2019/07/05,3893.2025
2019/07/08,3802.7897
2019/07/09,3793.1297
2019/07/10,3786.739
2019/07/11,3785.221
2019/07/12,3808.7311
2019/07/15,3824.1878
2019/07/16,3806.8449
2019/07/17,3804.6384
2019/07/18,3768.4019
2019/07/19,3807.9551
2019/07/22,3781.6832
2019/07/23,3789.9135
2019/07/24,3819.8325
2019/07/25,3851.0665
2019/07/26,3858.5688
2019/07/29,3854.2704
2019/07/30,3870.3176
2019/07/31,3835.3589
2019/08/01,3803.4694
2019/08/02,3747.4379
2019/08/05,3675.6884
2019/08/06,3636.3289
2019/08/07,3621.431
2019/08/08,3669.2936
2019/08/09,3633.5296
2019/08/12,3699.1047
2019/08/13,3665.7515
2019/08/14,3682.4015
2019/08/15,3694.0006
2019/08/16,3710.5386
2019/08/19,3791.0946
2019/08/20,3787.7324
2019/08/21,3781.7579
2019/08/22,3793.5061
2019/08/23,3820.8638
2019/08/26,3765.9105
2019/08/27,3816.9459
2019/08/28,3802.5844
2019/08/29,3790.1867
2019/08/30,3799.5863
2019/09/02,3848.3198
2019/09/03,3853.6106
2019/09/04,3886.0012
2019/09/05,3925.323
2019/09/06,3948.5075
2019/09/09,3972.9484
2019/09/10,3959.265
2019/09/11,3930.0999
2019/09/12,3972.3799
2019/09/16,3957.7154
2019/09/17,3891.2208
2019/09/18,3910.0837
2019/09/19,3924.3823
2019/09/20,3935.6511
2019/09/23,3890.6616
2019/09/24,3901.0758
2019/09/25,3870.9837
2019/09/26,3841.1388
2019/09/27,3852.6534
2019/09/30,3814.5282
2019/10/08,3837.6791
2019/10/09,3843.2392
2019/10/10,3874.6391
2019/10/11,3911.7253
2019/10/14,3953.2411
2019/10/15,3936.2498
2019/10/16,3922.6854
2019/10/17,3925.2216
2019/10/18,3869.3777
2019/10/21,3880.8398
2019/10/22,3895.8809
2019/10/23,3871.0848
2019/10/24,3870.6678
2019/10/25,3896.7923
2019/10/28,3926.585
2019/10/29,3910.226
2019/10/30,3891.2255
2019/10/31,3886.7519
2019/11/01,3952.3872
2019/11/04,3978.1216
2019/11/05,4002.8128
2019/11/06,3984.8816
2019/11/07,3991.8749
2019/11/08,3973.0107
2019/11/11,3902.9783
2019/11/12,3903.6888
2019/11/13,3899.9815
2019/11/14,3905.857
2019/11/15,3877.0892
2019/11/18,3907.9291
2019/11/19,3947.0392
2019/11/20,3907.8641
2019/11/21,3889.598
2019/11/22,3849.9948
2019/11/25,3878.2061
2019/11/26,3891.6533
2019/11/27,3875.6186
2019/11/28,3862.3029
2019/11/29,3828.6706
2019/12/02,3836.0589
2019/12/03,3851.0873
2019/12/04,3849.819
2019/12/05,3879.3638
2019/12/06,3902.3853
2019/12/09,3895.4468
2019/12/10,3900.3843
2019/12/11,3902.7492
2019/12/12,3891.0242
2019/12/13,3968.2211
2019/12/16,3987.5464
2019/12/17,4041.7996
2019/12/18,4032.7826
2019/12/19,4027.1495
2019/12/20,4017.2527
2019/12/23,3967.0962
2019/12/24,3992.9581
2019/12/25,3990.8671
2019/12/26,4025.9879
2019/12/27,4022.0278
2019/12/30,4081.6334
2019/12/31,4096.5821
2020/01/02,4152.2408
2020/01/03,4144.9649
2020/01/06,4129.2954
2020/01/07,4160.2274
2020/01/08,4112.3172
2020/01/09,4164.3697
2020/01/10,4163.1849
2020/01/13,4203.9883
2020/01/14,4189.8862
2020/01/15,4166.7344
2020/01/16,4149.0434
2020/01/17,4154.853
2020/01/20,4185.8304
2020/01/21,4114.3085
2020/01/22,4131.9311
2020/01/23,4003.9013
2020/02/03,3688.3578
2020/02/04,3785.6376
2020/02/05,3828.5272
2020/02/06,3899.7751
2020/02/07,3899.8693
2020/02/10,3916.0052
2020/02/11,3952.4643
2020/02/12,3984.4325
2020/02/13,3959.9188
2020/02/14,3987.7342
2020/02/17,4077.4241
2020/02/18,4057.5108
2020/02/19,4051.3107
2020/02/20,4144.6561
2020/02/21,4149.4903
2020/02/24,4132.8388
2020/02/25,4123.8543
2020/02/26,4073.0152
2020/02/27,4084.8759
2020/02/28,3940.0488
2020/03/02,4069.6662
2020/03/03,4091.3615
2020/03/04,4115.0524
2020/03/05,4206.7251
2020/03/06,4138.5072
2020/03/09,3997.1325
2020/03/10,4082.7315
2020/03/11,4028.4289
2020/03/12,3950.9111
2020/03/13,3895.3128
2020/03/16,3727.8398
2020/03/17,3709.6822
2020/03/18,3636.2565
2020/03/19,3589.0926
2020/03/20,3653.2239
2020/03/23,3530.3058
2020/03/24,3625.1146
2020/03/25,3722.5181
2020/03/26,3698.0472
2020/03/27,3710.0605
2020/03/30,3674.1108
2020/03/31,3686.1551
2020/04/01,3675.0758
2020/04/02,3734.5306
2020/04/03,3713.2183
2020/04/07,3798.0214
2020/04/08,3780.3445
2020/04/09,3792.8105
2020/04/10,3769.1782
2020/04/13,3753.2566
2020/04/14,3825.6991
2020/04/15,3797.3623
2020/04/16,3802.3806
2020/04/17,3839.4871
2020/04/20,3853.4551
2020/04/21,3808.0474
2020/04/22,3839.3834
2020/04/23,3829.7525
2020/04/24,3796.9721
2020/04/27,3822.769
2020/04/28,3849.1465
2020/04/29,3867.032
2020/04/30,3912.5772
2020/05/06,3936.2539
2020/05/07,3924.8946
2020/05/08,3963.6217
2020/05/11,3960.1803
2020/05/12,3960.2378
2020/05/13,3968.2529
2020/05/14,3925.2177
2020/05/15,3912.8159
2020/05/18,3922.9117
2020/05/19,3956.2495
2020/05/20,3935.222
2020/05/21,3913.7949
2020/05/22,3824.064
2020/05/25,3829.3245
2020/05/26,3872.7701
2020/05/27,3845.6135
2020/05/28,3856.6324
2020/05/29,3867.0232
2020/06/01,3971.3402
2020/06/02,3983.5677
2020/06/03,3983.6477
2020/06/04,3982.1851
2020/06/05,4001.2509
2020/06/08,4021.9549
2020/06/09,4047.0293
2020/06/10,4039.7051
2020/06/11,3995.8846
2020/06/12,4003.0829
2020/06/15,3954.9883
2020/06/16,4014.5702
2020/06/17,4017.5941
2020/06/18,4044.3842
2020/06/19,4098.7095
2020/06/22,4102.0459
2020/06/23,4121.7944
2020/06/24,4138.9895
2020/06/29,4109.7164
2020/06/30,4163.9637
2020/07/01,4247.7835
2020/07/02,4335.8445
2020/07/03,4419.5955
2020/07/06,4670.0949
2020/07/07,4698.1264
2020/07/08,4774.0042
2020/07/09,4840.7712
2020/07/10,4753.1333
2020/07/13,4852.9612
2020/07/14,4806.6902
2020/07/15,4744.4687
2020/07/16,4516.2532
2020/07/17,4544.7007
2020/07/20,4680.3046
2020/07/21,4691.0425
2020/07/22,4714.4454
2020/07/23,4712.4357
2020/07/24,4505.5906
2020/07/27,4528.45
2020/07/28,4568.2576
2020/07/29,4679.008
2020/07/30,4656.1506
2020/07/31,4695.0462
2020/08/03,4771.3108
2020/08/04,4775.8024
2020/08/05,4777.1089
2020/08/06,4762.7642
2020/08/07,4707.9262
2020/08/10,4724.8697
2020/08/11,4681.7837
2020/08/12,4647.6446
2020/08/13,4635.7126
2020/08/14,4704.6288
2020/08/17,4815.2261
2020/08/18,4812.7564
2020/08/19,4740.6784
2020/08/20,4679.1544
2020/08/21,4718.8431
2020/08/24,4755.8491
2020/08/25,4761.9507
2020/08/26,4706.1302
2020/08/27,4731.3451
2020/08/28,4844.2652
2020/08/31,4816.2153
2020/09/01,4842.1223
2020/09/02,4843.887
2020/09/03,4817.0952
2020/09/04,4770.219
2020/09/07,4669.3677
2020/09/08,4694.3894
2020/09/09,4584.5887
2020/09/10,4581.9775
2020/09/11,4627.2826
2020/09/14,4651.0507
2020/09/15,4688.4826
2020/09/16,4657.3584
2020/09/17,4632.7142
2020/09/18,4737.0887
2020/09/21,4691.4281
2020/09/22,4635.7608
2020/09/23,4652.3273
2020/09/24,4563.0657
2020/09/25,4570.0216
2020/09/28,4581.9085
2020/09/29,4591.7993
2020/09/30,4587.3953
2020/10/09,4681.1412
2020/10/12,4823.1578
2020/10/13,4839.201
2020/10/14,4807.1021
2020/10/15,4798.7361
2020/10/16,4791.676
2020/10/19,4755.4879
2020/10/20,4793.4672
2020/10/21,4792.8284
2020/10/22,4777.9845
2020/10/23,4718.4881
2020/10/26,4691.2359
2020/10/27,4699.2792
2020/10/28,4737.2718
2020/10/29,4772.9198
2020/10/30,4695.3338
2020/11/02,4720.8313
2020/11/03,4777.5608
2020/11/04,4813.6564
2020/11/05,4885.1118
2020/11/06,4885.7178
2020/11/09,4981.3497
2020/11/10,4953.8756
2020/11/11,4904.8981
2020/11/12,4908.463
2020/11/13,4856.8513
2020/11/16,4904.1716
2020/11/17,4894.786
2020/11/18,4891.6716
2020/11/19,4927.9891
2020/11/20,4943.2882
2020/11/23,5005.0273
2020/11/24,4974.2855
2020/11/25,4910.7
2020/11/26,4919.5912
2020/11/27,4980.765
2020/11/30,4960.2519
2020/12/01,5067.0983
2020/12/02,5067.1447
2020/12/03,5057.0603
2020/12/04,5065.9163
2020/12/07,5022.2351
2020/12/08,5009.8786
2020/12/09,4942.6986
2020/12/10,4940.5249
2020/12/11,4889.6292
2020/12/14,4934.8352
2020/12/15,4945.1
2020/12/16,4953.867
2020/12/17,5017.4784
2020/12/18,4999.9678
2020/12/21,5046.8396
2020/12/22,4964.7727
2020/12/23,5007.1235
2020/12/24,5000.0154
2020/12/25,5042.0137
2020/12/28,5064.4147
2020/12/29,5042.9361
2020/12/30,5113.7105
2020/12/31,5211.2885
2021/01/04,5267.7181
2021/01/05,5368.5049
2021/01/06,5417.6677
2021/01/07,5513.6568
2021/01/08,5495.4306
2021/01/11,5441.1583
2021/01/12,5596.3525
2021/01/13,5577.9711
2021/01/14,5470.4563
2021/01/15,5458.0812
2021/01/18,5518.5205
2021/01/19,5437.5234
2021/01/20,5476.4336
2021/01/21,5564.9693
2021/01/22,5569.776
2021/01/25,5625.9232
2021/01/26,5512.9678
2021/01/27,5528.0034
2021/01/28,5377.1427
2021/01/29,5351.9646
2021/02/01,5417.6484
2021/02/02,5501.0915
2021/02/03,5485.2008
2021/02/04,5473.9475
2021/02/05,5483.414
2021/02/08,5564.5618
2021/02/09,5686.2502
2021/02/10,5807.7191
2021/02/18,5768.3814
2021/02/19,5778.842
2021/02/22,5597.3327
2021/02/23,5579.6681
2021/02/24,5437.5683
2021/02/25,5469.5584
2021/02/26,5336.7609
2021/03/01,5418.7837
2021/03/02,5349.6301
2021/03/03,5452.2125
2021/03/04,5280.7058
2021/03/05,5262.7958
2021/03/08,5080.0246
2021/03/09,4970.9994
2021/03/10,5003.6121
2021/03/11,5128.2156
2021/03/12,5146.3786
2021/03/15,5035.5441
2021/03/16,5079.3624
2021/03/17,5100.8581
2021/03/18,5141.7681
2021/03/19,5007.0907
2021/03/22,5057.152
2021/03/23,5009.2459
2021/03/24,4928.6853
2021/03/25,4926.3469
2021/03/26,5037.9899
2021/03/29,5046.8773
2021/03/30,5094.7291
2021/03/31,5048.3607
2021/04/01,5110.7768
2021/04/02,5161.5569
2021/04/06,5140.3418
2021/04/07,5103.7428
2021/04/08,5112.2086
2021/04/09,5035.3374
2021/04/12,4947.7459
2021/04/13,4939.6438
2021/04/14,4980.6279
2021/04/15,4948.9741
2021/04/16,4966.1811
2021/04/19,5087.0165
2021/04/20,5083.3654
2021/04/21,5098.7449
2021/04/22,5089.2435
2021/04/23,5135.4534
2021/04/26,5077.2372
2021/04/27,5090.5195
2021/04/28,5119.2421
2021/04/29,5164.1692
2021/04/30,5123.489
2021/05/06,5061.1244
2021/05/07,4996.0527
2021/05/10,4992.422
2021/05/11,5023.0595
2021/05/12,5044.5481
2021/05/13,4992.9738
2021/05/14,5110.5901
2021/05/17,5184.9853
2021/05/18,5187.6013
2021/05/19,5172.272
2021/05/20,5186.412
2021/05/21,5134.1483
2021/05/24,5155.5875
2021/05/25,5318.478
2021/05/26,5320.5927
2021/05/27,5338.2329
2021/05/28,5321.0886
2021/05/31,5331.5696
2021/06/01,5341.6798
2021/06/02,5289.9736
2021/06/03,5255.2855
2021/06/04,5282.2772
2021/06/07,5277.6271
2021/06/08,5232.1165
2021/06/09,5236.4493
2021/06/10,5271.4661
2021/06/11,5224.703
2021/06/15,5166.5597
2021/06/16,5080.4909
2021/06/17,5101.8924
2021/06/18,5102.4657
2021/06/21,5090.3854
2021/06/22,5122.1583
2021/06/23,5147.3938
2021/06/24,5155.9738
2021/06/25,5239.9684
2021/06/28,5251.7604
2021/06/29,5190.5445
2021/06/30,5224.041
2021/07/01,5229.6642
2021/07/02,5081.1172
2021/07/05,5085.7924
2021/07/06,5083.1043
2021/07/07,5140.4899
2021/07/08,5088.2566
2021/07/09,5069.4361
2021/07/12,5132.7088
2021/07/13,5142.0991
2021/07/14,5083.0849
2021/07/15,5151.4626
2021/07/16,5094.7727
2021/07/19,5113.4945
2021/07/20,5108.9941
2021/07/21,5144.0428
2021/07/22,5151.7517
2021/07/23,5089.2282
2021/07/26,4925.299
2021/07/27,4751.313
2021/07/28,4760.4826
2021/07/29,4850.2746
2021/07/30,4811.1695
2021/08/02,4933.736
2021/08/03,4934.4583
2021/08/04,4978.8479
2021/08/05,4948.6703
2021/08/06,4921.5647
2021/08/09,4985.5627
2021/08/10,5043.148
2021/08/11,5015.3406
2021/08/12,4973.3509
2021/08/13,4945.9829
2021/08/16,4941.0676
2021/08/17,4837.4034
2021/08/18,4894.2384
2021/08/19,4862.1394
2021/08/20,4769.2678
2021/08/23,4835.8782
2021/08/24,4888.3902
2021/08/25,4898.1572
2021/08/26,4801.6094
2021/08/27,4827.0433
2021/08/30,4813.2703
2021/08/31,4805.6099
2021/09/01,4869.4587
2021/09/02,4869.4113
2021/09/03,4843.0624
2021/09/06,4933.7262
2021/09/07,4992.8294
2021/09/08,4972.1324
2021/09/09,4970.0133
2021/09/10,5013.5219
2021/09/13,4991.6598
2021/09/14,4917.1617
2021/09/15,4867.3187
2021/09/16,4807.6978
2021/09/17,4855.9402
2021/09/22,4821.7675
2021/09/23,4853.1957
2021/09/24,4849.4277
2021/09/27,4877.3698
2021/09/28,4883.828
2021/09/29,4833.9281
2021/09/30,4866.3826
2021/10/08,4929.9409
2021/10/11,4936.1918
2021/10/12,4883.8369
2021/10/13,4940.1089
2021/10/14,4913.6123
2021/10/15,4932.1084
2021/10/18,4874.7753
2021/10/19,4922.7232
2021/10/20,4910.1846
2021/10/21,4928.0156
2021/10/22,4959.7254
2021/10/25,4979.5235
2021/10/26,4963.0984
2021/10/27,4898.1644
2021/10/28,4864.138
2021/10/29,4908.7701
2021/11/01,4890.6851
2021/11/02,4839.8457
2021/11/03,4821.1119
2021/11/04,4868.7419
2021/11/05,4842.3458
2021/11/08,4848.1795
2021/11/09,4846.7444
2021/11/10,4821.1925
2021/11/11,4898.6529
2021/11/12,4888.3749
2021/11/15,4882.3777
2021/11/16,4883.3206
2021/11/17,4885.7544
2021/11/18,4837.6185
2021/11/19,4890.0575
2021/11/22,4912.399
2021/11/23,4913.3457
2021/11/24,4916.6579
2021/11/25,4896.4416
2021/11/26,4860.1265
2021/11/29,4851.423
2021/11/30,4832.026
2021/12/01,4843.851
2021/12/02,4856.163
2021/12/03,4901.0175
2021/12/06,4892.6209
2021/12/07,4922.1015
2021/12/08,4995.9298
2021/12/09,5078.6901
2021/12/10,5055.1172
2021/12/13,5083.8007
2021/12/14,5049.6953
2021/12/15,5005.8991
2021/12/16,5034.7321
2021/12/17,4954.7599
2021/12/20,4880.4178
2021/12/21,4913.4853
2021/12/22,4914.4544
2021/12/23,4948.7389
2021/12/24,4921.3449
2021/12/27,4919.3238
2021/12/28,4955.9644
2021/12/29,4883.4804
2021/12/30,4921.5109
2021/12/31,4940.3733
2022/01/04,4917.7653
2022/01/05,4868.1202
2022/01/06,4818.2318
2022/01/07,4822.3689
2022/01/10,4844.0451
2022/01/11,4797.7735
2022/01/12,4845.5787
2022/01/13,4765.9191
2022/01/14,4726.7317
2022/01/17,4767.2762
2022/01/18,4813.3472
2022/01/19,4780.3784
2022/01/20,4823.5091
2022/01/21,4779.3142
2022/01/24,4786.7377
2022/01/25,4678.4511
2022/01/26,4712.3109
2022/01/27,4619.8765
2022/01/28,4563.772
2022/02/07,4634.0899
2022/02/08,4608.7729
2022/02/09,4652.0609
2022/02/10,4639.8625
2022/02/11,4601.3953
2022/02/14,4551.6878
2022/02/15,4600.1025
2022/02/16,4617.9893
2022/02/17,4629.1649
2022/02/18,4651.2358
2022/02/21,4634.3141
2022/02/22,4574.1527
2022/02/23,4623.0465
2022/02/24,4529.3189
2022/02/25,4573.4247
2022/02/28,4581.6459
2022/03/01,4619.6862
2022/03/02,4578.6007
2022/03/03,4551.6283
2022/03/04,4496.4301
2022/03/07,4352.7775
2022/03/08,4265.391
2022/03/09,4226.3463
2022/03/10,4292.8374
2022/03/11,4306.5217
2022/03/14,4174.7577
2022/03/15,3983.812
2022/03/16,4156.081
2022/03/17,4237.6956
2022/03/18,4265.9017
2022/03/21,4258.7459
2022/03/22,4255.295
2022/03/23,4276.5174
2022/03/24,4251.3061
2022/03/25,4174.5742
2022/03/28,4148.4663
2022/03/29,4134.1441
2022/03/30,4254.0989
2022/03/31,4222.5968
2022/04/01,4276.158
2022/04/06,4263.8411
2022/04/07,4209.0998
2022/04/08,4230.7669
2022/04/11,4100.0703
2022/04/12,4179.9727
2022/04/13,4139.737
2022/04/14,4191.5684
2022/04/15,4188.7472
2022/04/18,4166.3844
2022/04/19,4134.9017
2022/04/20,4070.7889
2022/04/21,3995.83
2022/04/22,4013.2498
2022/04/25,3814.9127
2022/04/26,3784.1198
2022/04/27,3895.5361
2022/04/28,3921.1073
2022/04/29,4016.241
2022/05/05,4010.2102
2022/05/06,3908.815
2022/05/09,3877.4364
2022/05/10,3919.8684
2022/05/11,3976.4231
2022/05/12,3958.74
2022/05/13,3988.6002
2022/05/16,3956.5378
2022/05/17,4005.8934
2022/05/18,3991.9069
2022/05/19,3999.5984
2022/05/20,4077.5998
2022/05/23,4053.9823
2022/05/24,3959.1541
2022/05/25,3983.1784
2022/05/26,3993.0446
2022/05/27,4001.2988
2022/05/30,4029.0179
2022/05/31,4091.5176
2022/06/01,4083.1772
2022/06/02,4089.5682
2022/06/06,4166.085
2022/06/07,4179.1285
2022/06/08,4219.8122
2022/06/09,4175.6747
2022/06/10,4238.9936
2022/06/13,4189.3527
2022/06/14,4222.3114
2022/06/15,4278.2178
2022/06/16,4250.0614
2022/06/17,4309.0444
2022/06/20,4330.4328
2022/06/21,4325.5657
2022/06/22,4270.6227
2022/06/23,4343.8781
2022/06/24,4394.7723
2022/06/27,4444.2639
2022/06/28,4490.5166
2022/06/29,4421.357
2022/06/30,4485.0108
2022/07/01,4466.7179
2022/07/04,4496.0303
2022/07/05,4489.5383
2022/07/06,4423.9698
2022/07/07,4443.4736
2022/07/08,4428.781
2022/07/11,4354.6167
2022/07/12,4313.6184
2022/07/13,4321.4617
2022/07/14,4322.0742
2022/07/15,4248.5273
2022/07/18,4292.5858
2022/07/19,4269.3401
2022/07/20,4283.8027
2022/07/21,4236.0578
2022/07/22,4238.2341
2022/07/25,4212.6441
2022/07/26,4245.9758
2022/07/27,4225.0357
2022/07/28,4225.6733
2022/07/29,4170.1019
2022/08/01,4188.6784
2022/08/02,4107.024
2022/08/03,4066.9754
2022/08/04,4101.5367
2022/08/05,4156.9111
2022/08/08,4148.0746
2022/08/09,4156.2907
2022/08/10,4109.7373
2022/08/11,4193.5428
2022/08/12,4191.152
2022/08/15,4185.6794
2022/08/16,4177.837
2022/08/17,4216.9586
2022/08/18,4180.0996
2022/08/19,4151.0738
2022/08/22,4181.3965
2022/08/23,4161.0823
2022/08/24,4082.4195
2022/08/25,4116.2396
2022/08/26,4107.5455
2022/08/29,4089.5205
2022/08/30,4075.7937
2022/08/31,4078.8402
2022/09/01,4043.7395
2022/09/02,4023.6131
2022/09/05,4015.4264
2022/09/06,4052.2802
2022/09/07,4054.983
2022/09/08,4037.6839
2022/09/09,4093.7874
2022/09/13,4111.1145
2022/09/14,4065.359
2022/09/15,4027.1186
2022/09/16,3932.6826
2022/09/19,3928.0001
2022/09/20,3932.8361
2022/09/21,3903.7348
2022/09/22,3869.344
2022/09/23,3856.0212
2022/09/26,3836.6773
2022/09/27,3892.295
2022/09/28,3828.7098
2022/09/29,3827.1434
2022/09/30,3804.8853
2022/10/10,3720.9365
2022/10/11,3727.6867
2022/10/12,3784.3064
2022/10/13,3752.6729
2022/10/14,3842.4698
2022/10/17,3846.4119
2022/10/18,3838.2667
2022/10/19,3776.5335
2022/10/20,3754.9269
2022/10/21,3742.8929
2022/10/24,3633.3733
2022/10/25,3627.4542
2022/10/26,3656.9027
2022/10/27,3631.1448
2022/10/28,3541.3295
2022/10/31,3508.7034
2022/11/01,3634.1732
2022/11/02,3677.8051
2022/11/03,3647.8966
2022/11/04,3767.1746
2022/11/07,3775.2971
2022/11/08,3749.3251
2022/11/09,3714.2704
2022/11/10,3685.6885
2022/11/11,3788.4387
2022/11/14,3794.0171
2022/11/15,3865.9726
2022/11/16,3834.3899
2022/11/17,3818.664
2022/11/18,3801.5686
2022/11/21,3769.1269
2022/11/22,3769.5727
2022/11/23,3773.5287
2022/11/24,3756.8082
2022/11/25,3775.7764
2022/11/28,3733.2424
2022/11/29,3848.4224
2022/11/30,3853.0365
2022/12/01,3894.7687
2022/12/02,3870.9478
2022/12/05,3946.8759
2022/12/06,3968.1979
2022/12/07,3958.4409
2022/12/08,3959.1798
2022/12/09,3998.2442
2022/12/12,3953.4433
2022/12/13,3945.6813
2022/12/14,3954.8857
2022/12/15,3951.9885
2022/12/16,3954.227
2022/12/19,3893.2207
2022/12/20,3829.0173
2022/12/21,3830.5384
2022/12/22,3836.028
2022/12/23,3828.2188
2022/12/26,3843.4887
2022/12/27,3887.854
2022/12/28,3871.2644
2022/12/29,3856.7007
2022/12/30,3871.6338
2023/01/03,3887.8992
2023/01/04,3892.9477
2023/01/05,3968.5782
2023/01/06,3980.8888
2023/01/09,4013.1196
2023/01/10,4017.4737
2023/01/11,4010.0309
2023/01/12,4017.8692
2023/01/13,4074.3772
2023/01/16,4137.9643
2023/01/17,4137.2422
2023/01/18,4130.3143
2023/01/19,4156.0077
2023/01/20,4181.5267
2023/01/30,4201.345
2023/01/31,4156.8578
2023/02/01,4195.9332
2023/02/02,4181.1493
2023/02/03,4141.6319
2023/02/06,4086.8779
2023/02/07,4094.2335
2023/02/08,4076.1411
2023/02/09,4130.8565
2023/02/10,4106.3097
2023/02/13,4143.574
2023/02/14,4145.2902
2023/02/15,4123.6893
2023/02/16,4093.4876
2023/02/17,4034.507
2023/02/20,4133.4896
2023/02/21,4144.3536
2023/02/22,4106.9506
2023/02/23,4103.6463
2023/02/24,4061.0457
2023/02/27,4043.8444
2023/02/28,4069.4587
2023/03/01,4126.9415
2023/03/02,4117.7377
2023/03/03,4130.5513
2023/03/06,4109.0102
2023/03/07,4048.8519
2023/03/08,4034.1077
2023/03/09,4019.8505
2023/03/10,3967.1352
2023/03/13,4008.686
2023/03/14,3984.6956
2023/03/15,3986.902
2023/03/16,3939.1505
2023/03/17,3958.8194
2023/03/20,3939.077
2023/03/21,3982.3782
2023/03/22,3999.4427
2023/03/23,4039.0895
2023/03/24,4027.0457
2023/03/27,4012.4771
2023/03/28,3999.5147
2023/03/29,4006.144
2023/03/30,4038.5257
2023/03/31,4050.9257
2023/04/03,4090.5676
2023/04/04,4103.1052
2023/04/06,4096.64
2023/04/07,4123.2799
2023/04/10,4104.8118
2023/04/11,4100.1479
2023/04/12,4097.2876
2023/04/13,4068.9786
2023/04/14,4091.9988
2023/04/17,4149.3836
2023/04/18,4162.032
2023/04/19,4124.5589
2023/04/20,4113.0192
2023/04/21,4032.5672
2023/04/24,3982.6429
2023/04/25,3962.6658
2023/04/26,3959.2323
2023/04/27,3988.4185
2023/04/28,4029.0858
2023/05/04,4030.2471
2023/05/05,4016.8774
2023/05/08,4062.6624
2023/05/09,4027.8754
2023/05/10,3996.8695
2023/05/11,3990.6637
2023/05/12,3937.7622
2023/05/15,3998.8872
2023/05/16,3978.2054
2023/05/17,3960.165
2023/05/18,3956.0701
2023/05/19,3944.5403
2023/05/22,3969.3277
2023/05/23,3913.1882
2023/05/24,3859.0935
2023/05/25,3850.4996
2023/05/26,3850.9511
2023/05/29,3833.9416
2023/05/30,3837.7531
2023/05/31,3798.5434
2023/06/01,3806.8679
2023/06/02,3861.8337
2023/06/05,3844.2492
2023/06/06,3808.1629
2023/06/07,3789.3418
2023/06/08,3820.1867
2023/06/09,3836.7026
2023/06/12,3844.4324
2023/06/13,3864.9074
2023/06/14,3864.0247
2023/06/15,3925.4994
2023/06/16,3963.3509
2023/06/19,3930.9079
2023/06/20,3924.2377
2023/06/21,3864.0323
2023/06/26,3809.6962
2023/06/27,3845.4334
2023/06/28,3840.7986
2023/06/29,3821.8435
2023/06/30,3842.4516
2023/07/03,3892.8821
2023/07/04,3899.0133
2023/07/05,3868.8054
2023/07/06,3842.7547
2023/07/07,3825.6988
2023/07/10,3844.3269
2023/07/11,3869.4861
2023/07/12,3843.4369
2023/07/13,3898.4229
2023/07/14,3899.1027
2023/07/17,3867.1749
2023/07/18,3854.9393
2023/07/19,3850.8663
2023/07/20,3823.6946
2023/07/21,3821.91
2023/07/24,3805.221
2023/07/25,3915.1153
2023/07/26,3907.0128
2023/07/27,3902.3458
2023/07/28,3992.7376
2023/07/31,4014.6301
2023/08/01,3998.001
2023/08/02,3969.895
2023/08/03,4004.9839
2023/08/04,4020.5792
2023/08/07,3990.1531
2023/08/08,3979.7322
2023/08/09,3967.5652
2023/08/10,3975.7166
2023/08/11,3884.2538
2023/08/14,3855.9061
2023/08/15,3846.5357
2023/08/16,3818.3338
2023/08/17,3831.1008
2023/08/18,3784.0038
2023/08/21,3729.555
2023/08/22,3758.2271
2023/08/23,3696.6339
2023/08/24,3723.4293
2023/08/25,3709.1517
2023/08/28,3752.6194
2023/08/29,3790.1067
2023/08/30,3788.5097
2023/08/31,3765.2678
2023/09/01,3791.4912
2023/09/04,3848.9517
2023/09/05,3820.3174
2023/09/06,3812.0283
2023/09/07,3758.4748
2023/09/08,3739.9927
2023/09/11,3767.537
2023/09/12,3760.6048
2023/09/13,3736.6513
2023/09/14,3733.5077
2023/09/15,3708.7766
2023/09/18,3727.711
2023/09/19,3720.5021
2023/09/20,3705.6898
2023/09/21,3672.4448
2023/09/22,3738.9327
2023/09/25,3714.6037
2023/09/26,3692.8928
2023/09/27,3700.495
2023/09/28,3689.5172
2023/10/09,3684.7272
2023/10/10,3657.1259
2023/10/11,3667.5483
2023/10/12,3702.3824
2023/10/13,3663.4104
2023/10/16,3626.5972
2023/10/17,3639.4018
2023/10/18,3610.5767
2023/10/19,3533.5445
2023/10/20,3510.5889
2023/10/23,3474.2438
2023/10/24,3487.1302
2023/10/25,3504.4576
2023/10/26,3514.1448
2023/10/27,3562.3851
2023/10/30,3583.7718
2023/10/31,3572.5056
2023/11/01,3571.0268
2023/11/02,3554.1889
2023/11/03,3584.1364
2023/11/06,3632.6084
2023/11/07,3619.7593
2023/11/08,3611.0723
2023/11/09,3612.8263
2023/11/10,3586.4893
2023/11/13,3579.4141
2023/11/14,3582.0584
2023/11/15,3607.2454
2023/11/16,3572.3641
2023/11/17,3568.0685
2023/11/20,3576.3233
2023/11/21,3581.0674
2023/11/22,3544.4162
2023/11/23,3561.5204
2023/11/24,3538.0087
2023/11/27,3511.9424
2023/11/28,3518.5232
2023/11/29,3488.3073
2023/11/30,3496.2028
2023/12/01,3482.8813
2023/12/04,3460.138
2023/12/05,3394.2571
2023/12/06,3399.598
2023/12/07,3391.2823
2023/12/08,3399.4618
2023/12/11,3419.4548
2023/12/12,3426.803
2023/12/13,3369.605
2023/12/14,3351.9639
2023/12/15,3341.5517
2023/12/18,3329.3657
2023/12/19,3334.0412
2023/12/20,3297.5022
2023/12/21,3330.8698
2023/12/22,3337.2281
2023/12/25,3347.4508
2023/12/26,3324.7902
2023/12/27,3336.3572
2023/12/28,3414.5403
2023/12/29,3431.1099
2024/01/02,3386.3522
2024/01/03,3378.2971
2024/01/04,3347.0519
2024/01/05,3329.1114
2024/01/08,3286.0564
2024/01/09,3292.4994
2024/01/10,3277.129
2024/01/11,3295.6717
2024/01/12,3284.1667
2024/01/15,3280.9195
2024/01/16,3300.8762
2024/01/17,3229.082
2024/01/18,3274.7286
2024/01/19,3269.7763
2024/01/22,3218.9016
2024/01/23,3231.9329
2024/01/24,3277.1089
2024/01/25,3342.9189
2024/01/26,3333.8213
2024/01/29,3303.9604
2024/01/30,3245.0387
2024/01/31,3215.3518
2024/02/01,3217.7109
2024/02/02,3179.6276
2024/02/05,3200.4218
2024/02/06,3311.6922
2024/02/07,3343.6303
2024/02/08,3364.9297
2024/02/19,3403.8078
2024/02/20,3410.8542
2024/02/21,3456.8713
2024/02/22,3486.6747
2024/02/23,3489.7416
2024/02/26,3453.3585
2024/02/27,3494.7874
2024/02/28,3450.2598
2024/02/29,3516.0826
2024/03/01,3537.8038
2024/03/04,3540.8686
2024/03/05,3565.5143
2024/03/06,3551.0481
2024/03/07,3529.7195
2024/03/08,3544.9099
2024/03/11,3589.2635
2024/03/12,3597.4939
2024/03/13,3572.361
2024/03/14,3562.2229
2024/03/15,3569.993
2024/03/18,3603.528
2024/03/19,3577.6303
2024/03/20,3585.3838
2024/03/21,3581.0902
2024/03/22,3545.0023
2024/03/25,3525.7634
2024/03/26,3543.7467
2024/03/27,3502.7866
2024/03/28,3520.9648
2024/03/29,3537.4843
2024/04/01,3595.6466
2024/04/02,3580.6759
2024/04/03,3567.8031
2024/04/08,3536.4077
2024/04/09,3533.4871
2024/04/10,3504.7086
2024/04/11,3504.2447
2024/04/12,3475.8389
2024/04/15,3549.0759
2024/04/16,3511.1146
2024/04/17,3565.403
2024/04/18,3569.8018
2024/04/19,3541.6619
2024/04/22,3530.9045
2024/04/23,3506.2249
2024/04/24,3521.6219
2024/04/25,3530.2813
2024/04/26,3584.2686
2024/04/29,3623.9124
2024/04/30,3604.3943
2024/05/06,3657.8767
2024/05/07,3659.0076
2024/05/08,3630.2233
2024/05/09,3664.561
2024/05/10,3666.2771
2024/05/13,3664.6907
2024/05/14,3657.0454
2024/05/15,3626.0559
2024/05/16,3640.3592
2024/05/17,3677.9696
2024/05/20,3690.9623
2024/05/21,3676.1611
2024/05/22,3684.451
2024/05/23,3641.7917
2024/05/24,3601.4754
2024/05/27,3635.7079
2024/05/28,3609.1724
2024/05/29,3613.5223
2024/05/30,3594.3121
2024/05/31,3579.9247
2024/06/03,3588.7483
2024/06/04,3615.6714
2024/06/05,3594.7936
2024/06/06,3592.2454
2024/06/07,3574.1143
2024/06/11,3542.8771
2024/06/12,3544.1225
2024/06/13,3526.1306
2024/06/14,3541.5331
2024/06/17,3536.1986
2024/06/18,3545.5902
2024/06/19,3528.749
2024/06/20,3503.2817
2024/06/21,3495.6198
2024/06/24,3476.8102
2024/06/25,3457.9023
2024/06/26,3480.2648
2024/06/27,3454.1175
2024/06/28,3461.657
2024/07/01,3478.1827
2024/07/02,3471.7857
2024/07/03,3463.4141
2024/07/04,3445.8128
2024/07/05,3431.0605
2024/07/08,3401.7604
2024/07/09,3439.8111
2024/07/10,3428.9657
2024/07/11,3468.169
2024/07/12,3472.4014
2024/07/15,3476.2467
2024/07/16,3498.2827
2024/07/17,3501.5836
2024/07/18,3520.931
2024/07/19,3539.0156
2024/07/22,3514.9249
2024/07/23,3439.8779
2024/07/24,3418.1663
2024/07/25,3399.2716
2024/07/26,3409.2931
2024/07/29,3390.742
2024/07/30,3369.3821
2024/07/31,3442.0844
2024/08/01,3419.2666
2024/08/02,3384.3919
2024/08/05,3343.3205
2024/08/06,3342.9789
2024/08/07,3341.489
2024/08/08,3342.9369
2024/08/09,3331.6274
2024/08/12,3325.8645
2024/08/13,3334.3903
2024/08/14,3309.2389
2024/08/15,3341.953
2024/08/16,3345.634
2024/08/19,3356.9677
2024/08/20,3332.7034
2024/08/21,3321.635
2024/08/22,3313.1357
2024/08/23,3327.1905
2024/08/26,3324.2231
2024/08/27,3305.3338
2024/08/28,3286.4956
2024/08/29,3277.6812
2024/08/30,3321.4323
2024/09/02,3265.011
2024/09/03,3273.4282
2024/09/04,3252.1649
2024/09/05,3257.7578
2024/09/06,3231.3457
2024/09/09,3192.9516
2024/09/10,3195.7552
2024/09/11,3186.1299
2024/09/12,3172.4747
2024/09/13,3159.247
2024/09/18,3171.0102
2024/09/19,3196.0357
2024/09/20,3201.0497
2024/09/23,3212.7639
2024/09/24,3351.909
2024/09/25,3401.533
2024/09/26,3545.3204
2024/09/27,3703.6849
2024/09/30,4017.8545
2024/10/08,4256.0962
2024/10/09,3955.9839
2024/10/10,3997.7879
2024/10/11,3887.167
2024/10/14,3961.3424
2024/10/15,3855.9949
2024/10/16,3831.589
2024/10/17,3788.2217
2024/10/18,3925.234
2024/10/21,3935.1974
2024/10/22,3957.7755
2024/10/23,3973.2089
2024/10/24,3928.8334
2024/10/25,3956.421
2024/10/28,3964.1569
2024/10/29,3924.649
2024/10/30,3889.4487
2024/10/31,3891.0396
2024/11/01,3890.0203
2024/11/04,3944.7619
2024/11/05,4044.5725
2024/11/06,4024.2831
2024/11/07,4145.6952
2024/11/08,4104.047
2024/11/11,4131.1312
2024/11/12,4085.743
2024/11/13,4110.8901
2024/11/14,4039.6191
2024/11/15,3968.8308
2024/11/18,3950.3806
2024/11/19,3976.8912
2024/11/20,3985.7727
2024/11/21,3989.2979
2024/11/22,3865.6989
2024/11/25,3848.0909
2024/11/26,3840.1847
2024/11/27,3907.0447
2024/11/28,3872.5505
2024/11/29,3916.5832
2024/12/02,3947.632
2024/12/03,3951.8912
2024/12/04,3930.5568
2024/12/05,3921.5881
2024/12/06,3973.1405
2024/12/09,3966.5708
2024/12/10,3995.6369
2024/12/11,3988.8308
2024/12/12,4028.5048
2024/12/13,3933.1808
2024/12/16,3911.8416
2024/12/17,3922.0334
2024/12/18,3941.89
2024/12/19,3945.4635
2024/12/20,3927.7441
2024/12/23,3933.5718
2024/12/24,3983.6882
2024/12/25,3985.6291
2024/12/26,3987.4801
2024/12/27,3981.0307
2024/12/30,3999.0549
2024/12/31,3934.9109
2025/01/02,3820.3952
2025/01/03,3775.1648
2025/01/06,3768.9697
2025/01/07,3796.1055
2025/01/08,3789.2153
2025/01/09,3779.8773
2025/01/10,3732.4806
2025/01/13,3722.513
2025/01/14,3820.5395
2025/01/15,3796.026
2025/01/16,3800.3836
2025/01/17,3812.3429
2025/01/20,3829.6764
2025/01/21,3832.6145
2025/01/22,3797.0166
2025/01/23,3803.7439
2025/01/24,3832.8637
2025/01/27,3817.0802
2025/02/05,3795.0848
2025/02/06,3842.8314
2025/02/07,3892.7028
2025/02/10,3901.0618
2025/02/11,3883.1352
2025/02/12,3919.8617
2025/02/13,3905.1398
2025/02/14,3939.0085
2025/02/17,3947.3983
2025/02/18,3912.7829
2025/02/19,3940.1602
2025/02/20,3928.8959
2025/02/21,3978.444
2025/02/24,3969.7169
2025/02/25,3925.6505
2025/02/26,3959.9413
2025/02/27,3968.1159
2025/02/28,3890.0487
2025/03/03,3888.4738
2025/03/04,3885.2208
2025/03/05,3902.5706
2025/03/06,3956.2369
2025/03/07,3944.0143
2025/03/10,3928.8018
2025/03/11,3941.4157
2025/03/12,3927.2315
2025/03/13,3911.5793
2025/03/14,4006.5567
2025/03/17,3996.7876
2025/03/18,4007.7229
2025/03/19,4010.168
2025/03/20,3974.9918
2025/03/21,3914.6956
2025/03/24,3934.8486
2025/03/25,3932.2951
2025/03/26,3919.3566
2025/03/27,3932.4117
2025/03/28,3915.1662
2025/03/31,3887.3056
2025/04/01,3887.6841
2025/04/02,3884.3858
2025/04/03,3861.5034
2025/04/07,3589.4406
2025/04/08,3650.759
2025/04/09,3686.7943
2025/04/10,3735.1151
2025/04/11,3750.5167
2025/04/14,3759.1422
2025/04/15,3761.2348
2025/04/16,3772.8204
2025/04/17,3772.2221
2025/04/18,3772.523
2025/04/21,3784.8806
2025/04/22,3783.9522
2025/04/23,3786.8824
2025/04/24,3784.3574
2025/04/25,3786.9937
2025/04/28,3781.6188
2025/04/29,3775.0767
2025/04/30,3770.5705
2025/05/06,3808.5424
2025/05/07,3831.627
2025/05/08,3852.8963
2025/05/09,3846.1566
,
,
